x,y,z
0.005605489578822847,2.2981909201089055,1.7466042633061183
-1.0932553497278619,2.4575215587297916,0.17030854991158673
0.060946063513593766,0.4736693499245566,-0.0035431246500137255
-1.761944658815696,2.1511083791278334,3.132426497404822
1.9506373046008036,-0.1944692091869376,-2.1019492971930087
1.629261390395258,-4.8640295240904,-3.488098978581748
-0.8168242476859253,-1.9178257301269466,0.282754200770857
0.9834016368160914,-1.415060595469035,-0.5787435465199887
-0.05109112802028686,-3.4990103772796783,-0.9540446346282869
0.25107897882844105,2.2966952018155964,-0.8712891301151302
0.3844495601737372,0.7620862850579878,1.3301867845722786
-0.4595642860106137,1.557321437375209,0.19926300870789193
-0.7623841336506447,2.8022561825488554,3.2605292879316554
1.4976948767832574,-4.673188191135564,-3.1770311467396177
-0.9024637055839939,4.092460635306754,2.0036238860403994
-2.4948338729559207,3.7108206545017373,4.385731760457377
3.0368816929693487,-4.2225070069745305,-4.745672160496315
2.0906296187634044,-4.2615566163263034,-4.0187962380141125
1.9987168354958333,-4.9414017193791295,-4.025042246842681
1.325644872276724,-4.395723989078478,-3.8962333724549816
1.6448195460776642,-4.7291566898989,-2.5846442290777376
-0.2505132760057801,3.298064792856598,0.5084871483906345
0.20547506831508425,-3.4331527754316893,-2.6049927836072415
-1.0030333652353352,1.0094931543123553,2.398526446503108
-1.821616780566666,-1.0968757323049796,0.4292499639254237
-2.9449222194047815,3.7338252805405068,3.9727595005775207
0.23370919803053816,0.04240013785282839,1.4777931306654222
-0.846438799610202,1.7319503216705066,0.8885510265344367
1.4361312850206112,-2.2320994784417043,-3.63447007549473
-2.7916000432930574,1.037832900057223,3.2231574504485443
-2.415975528265637,0.6663920930418038,1.7029604394937434
-0.6936343953109917,0.39969813503960616,0.4266288943178431
-1.5766077421775828,3.8885625294653394,1.8577532428678991
0.701999630121774,-1.5527356376806034,-1.8541525214686678
0.9002013098212767,-1.6339787621384383,-0.288207581924099
-1.3408364578356704,0.7623236738739192,2.6041955219578132
-0.812157029027138,3.6926520704047663,1.9212858090915919
-1.6602294701847284,2.4091197164804874,2.6964553185740168
-0.18916836284820968,-2.7913492956502224,0.3322368279735674
1.7348487920707962,-2.9713797195049505,-1.6450267625332993
-0.7300020893755871,3.267783159570081,2.6406596436610315
1.79787764687998,-3.4668954974388253,-2.9532560786238644
0.03600210128833555,2.5802951562219194,0.7684588809257311
1.9868792139296179,-1.294750389271246,-2.6226680160760223
-0.6288260691719179,1.372560426878858,1.8550305841053552
1.2687013626374566,-2.8875934280998905,-2.675750910236256
-0.31862511320471343,2.180584978894725,1.1228982436187167
-1.3977498682689538,1.899877772467338,1.2082701435291758
1.1523433318481395,2.590416887255701,-0.030311660236394575
-2.3206803448810627,1.3681208337948396,3.611616652021387
2.28607766801497,-0.5651298750225536,-2.6894037175598324
1.4036111860844618,-1.2991400008036569,-1.0196651936387493
-0.3796499258022562,-1.473302852163204,1.3453108566649226
-0.11022015857445083,-0.24218765607050086,-0.8905744086176796
0.5001128561203371,-2.529760677526095,-2.9731598050322634
-0.3866665087884008,2.3213869126233297,0.910127398686422
-0.3714803233181621,2.8176017514741982,2.6518901378771536
1.5740520575375385,-3.5082217070138935,-4.209837492108233
-1.117864081189345,0.8984184813265934,0.2404435056723928
1.3943406945104864,-4.752641538398454,-2.9409370662147807
-2.486707666464851,1.7904803800997087,2.402804377702768
1.3578771650125918,-1.4156065686478665,-2.578632577812991
-1.2589518870759844,2.440734468844633,0.9034295764095515
1.2970996214702208,-4.316917474505041,-2.91204178175135
-1.741943274513662,3.0482013253672724,2.391669254391779
-0.7800070002176008,-1.9678541807027907,0.3445042815459307
0.9630519384526339,-3.0481876741692893,-1.429042901253327
-0.5332888553791008,-0.6302255057864415,-1.0053032819658667
0.0018643851699611266,0.06828908828830652,1.9269422235440492
1.4422606108727072,-1.388638064115472,-1.8104516374738604
1.3244191782635,-0.8425027416799425,-1.4956452092149775
0.824040393842531,2.0827953934089005,0.11826560438430024
-0.8471589376734087,1.3136074154499333,1.5203507721159326
-1.3435113148348488,2.2031656506612465,0.7034452780905758
2.0324847122094587,-3.743010428646373,-2.266788329606455
0.41714556847687534,1.7294006223858456,-0.9399231310544339
0.9340886597608972,1.919696905173829,0.966570353880392
1.0949546918307655,2.155617631974014,-0.0049206003127486445
-2.276940319823585,1.4204070234350743,3.361859912471914
-0.0684810129692506,1.776271511360132,-0.03387390140600176
1.0287025486706298,-0.9559333768587218,-1.778666751259291
1.0807449767881205,0.32802650702823805,0.003092635752704159
-2.238908269396438,0.28464309809282706,1.8113228638423913
1.1383565835287406,-1.6243785155203911,-2.4992569422768636
1.3890017487575401,-3.908776827850841,-2.8406065625188512
2.3347224052844733,-2.8108169292687015,-2.2073481491724642
0.41570667418301593,1.349143583540801,1.7276502422688933
-1.0899268842724261,3.484598139936934,3.297883923260772
1.5611612062935363,1.7137290697210783,-1.6049181930586554
-0.9239918630499455,4.237719186290487,1.751669144883909
2.4948709813727787,-1.901978958538578,-3.470254694485164
0.476358560391907,1.775033342494944,1.2373642828534177
0.06165245378178258,-2.694101029071782,-2.223949212040707
2.2811449276632283,-0.952049170387061,-3.6718819268765546
2.055461455125347,-4.717414345320379,-4.40533531738612
1.6672750479831122,-2.214637828752781,-0.5286090104423051
1.1693366707850361,2.707519917514421,0.04259078393040166
-1.9737162011097942,4.102628745738668,2.8078093822728363
2.7027323265651315,-3.278037449263606,-2.62364773112415
0.8325366372458004,-0.9281020903742161,-2.673203041478479
-0.3114066479532269,0.3267310170795698,-0.3426231082649693
-0.9415768666115657,4.015219472130064,2.5739638598913914
2.260360767859971,0.3905191373928094,-1.0363852962311462
-2.699499971116935,3.198597690727418,4.032452214528626
-0.4110280550406475,1.0126724965067775,2.267735855924428
1.7048933417744065,-1.1092195390656419,-2.9226482105579565
0.2025653475268283,1.0965045570851943,2.057347660925673
-1.4469573206418147,4.580616618890921,3.9034544486271137
-1.3933618113203887,4.917287191842652,3.5504245089867235
-0.3906105855165184,-2.709559552464441,-0.7536605974038878
-0.932523473481485,-2.5813713788779973,-0.29950744025122966
1.438571395124443,-1.7633777385198945,-3.023876962717012
-1.5210984112393333,-0.012115101797662037,1.639910852516422
0.5264603855060929,0.721435006940979,-1.7714737756623655
1.362233343113151,-2.800722319627572,-3.6190240926218404
1.7920390346524573,-1.3558730306168418,-0.6832536125465061
-1.7525752371629646,-1.7144305126830923,0.8153277102428387
-1.8119225311029739,0.4151928526667145,2.9361152612444315
-1.2050481782618767,2.2525266167384683,0.22511707887335095
0.5070989689742825,1.21039323721165,-0.20902318691462196
-1.9793250212290254,5.235448029658112,3.736013946785562
-1.4541264421064684,3.258625914239174,3.0767373122474115
0.591190145080587,-1.9119184404580676,-2.8885714460859013
0.04749963988772957,-1.222414836286075,-0.21930552967462327
0.150801304752794,3.540615978845297,1.383662600456479
-0.3470308055939365,2.591222147276685,1.2739916162512996
0.9551413766894447,-4.36574264136914,-2.215647978368712
-1.4965097295401053,2.3237950868738286,2.4404178472491
2.5440586985849634,-0.41251885290260326,-1.300779661572669
-0.9758273750863535,-1.8748619015581547,-0.4650401012071845
1.362035416114077,-3.5058118414518824,-1.5369239128959917
-2.4837701813448496,4.314403793831681,3.6515802974198213
2.9940848358654235,-2.3817546977048347,-3.9756815035832704
2.350744622124626,-2.343518076829669,-1.943600076308935
0.9959267239838939,-3.823088354404951,-2.22067540425495
-2.407278221306111,-0.04269184849321133,2.943170213294479
1.9578916902970085,-1.4000312696770738,-0.8168548898246121
2.7572177180925377,-3.117681125141228,-4.708616823398702
-0.21420083917861701,2.8775773411932946,0.5813580551582501
3.333438239629402,-3.3733016303866394,-4.726193604664869
1.0313109354176042,-0.6004382966386996,-1.088167889857144
-0.41602069935750113,-0.28461589876049875,1.2830101855779954
-1.1924660279993338,-0.7760050860865204,1.573940488052886
-0.4307366950249078,2.3409317970562573,-0.21061343231789662
-0.7730406870780119,2.438193547181672,-0.04835496312312915
-2.133901238447014,2.0564940216219982,3.900845034449277
0.36759332324014626,-0.8906618211836583,0.9398832520908872
-0.7256664963841918,0.5285908561480717,2.7462860786335805
-0.40436599404006196,-2.3439594080535358,-0.4526398744228722
0.7532556941116065,-3.3883913564235844,-2.5332107785945026
1.6130197979432668,-1.4283193025869554,-0.4487260143061507
-2.145058638059485,3.2633166022041684,2.5989048942952993
-0.04415791234656799,2.6245997822422398,0.5627116172795095
0.6794446185161974,-3.234366141310435,-1.7058357054087248
0.0719309726911568,0.5986730382426978,0.7912018554732482
0.5261335036388926,-2.465025098638567,-1.212920325528787
2.9665221248199543,-4.129320772551151,-4.424688480313366
-1.0339237297539032,-0.7871926831269398,0.18086400679400744
-1.1985979777673286,-1.1977183660748985,1.7438254182112087
3.303693634751726,-2.701888060043823,-3.918739454054827
2.7509274719662624,-1.468897459042784,-3.877192403076991
1.229542896704924,-1.746565945025747,-1.1129455938820387
1.2646863044744,0.5174924658293545,0.13206215094179763
-0.023234352944458917,-2.7875050430847117,-2.172896318263744
0.1282902558716006,0.20267756377461507,-1.3769908631737766
-1.4282852146289806,-2.4927372515721284,0.461696311173888
0.40998883860540986,-1.163458907606322,-0.6677613165447667
1.1527935158101776,-4.049375412170577,-1.869212085142706
-2.9725879170097462,3.372706476879181,3.872334381414742
0.9296628994809154,0.5256069441898975,-2.0604806190090224
1.2733957694297908,-4.596199202496875,-3.575341298004687
-0.4962135824222612,3.993641073258048,1.8758256146203696
-1.3662001601670777,0.16317573117577538,2.4471415883251777
0.34063738651318626,-2.0544549617870267,-1.4132607350053459
0.20009119264845424,-0.3437507080848042,-0.8203428804904396
-1.0654887917239633,2.1326339996470254,2.018626193332354
2.0969451538552613,0.4005216633537464,-1.8272465854247097
1.7335666017004323,-0.6878231971037666,-2.708555459593308
0.8640891975157028,-2.6684810126491345,-2.7136034722586304
0.8237817233097572,-0.9634202322389566,-0.7611809114283927
1.1341342624970887,1.3404016993444776,-0.4293726199714007
0.18071766538702952,-2.096397686264542,-0.4785242065165267
-0.43061328616997746,-2.5803130266353023,-1.9299188709022497
1.5119770013609932,1.4847209017568956,-1.5908024694425547
-1.15070789679826,2.5242181240176382,2.942074743877041
-1.8687731277191992,2.4402900993253978,4.2099097038483
-0.2080250222276096,-1.8145656314537224,-1.3510670971486356
-0.21216232494891454,4.118334344695115,1.4442364309963278
1.5253517021845733,-1.1798892854380287,-1.8221091497995616
0.18458646537344556,-0.6506759076931515,0.9282512766556447
-1.3201007008031547,1.261073375462399,0.9653090899047541
-1.5397928055130823,-1.3184551108565188,1.2619035612744705
1.65113618430729,-3.9355582512204537,-3.497865738042571
1.7082431356466574,-0.8800190300330561,-2.1497807469767607
-0.1926787555849948,1.6600934429617584,2.5895151581057405
2.9906880758765744,-3.9595540728851555,-3.513407998029356
-2.6742395497988825,0.8576060423073227,2.5763588563487714
1.8613234834884569,-0.4648374723760774,-2.5453910110714753
0.6410029807953279,-3.0989388576279495,-2.9137742672416653
1.5730446646952634,1.1849348766901748,-1.977256725569569
-1.558638150079759,0.3456019568885338,0.67837038137786
-2.433953720973068,2.8083327079364224,2.8318614759538514
-1.383948189519838,1.7782557729774362,0.1790807546104413
0.04915853345010627,1.4282475822606615,-0.5024073178171976
-2.6474896735298064,-0.19087093911163727,2.2207771288451186
-0.4208826953626776,3.145786761682741,3.009796267193623
2.062119503032435,-1.0735376000698975,-2.572180436959254
1.2414124927853942,-1.5676521141091813,-2.235024585612328
-1.1507361481612293,1.915461676843862,3.1891566097487507
0.9378077458615639,-0.7016118206124189,-0.4243103427908408
-1.398169266696301,3.574650828748125,2.7615324306523616
-1.3516163258277762,2.5047291495014843,0.2597545060071898
3.031050022823063,-2.012935867462101,-4.093338427335667
2.2331751686469525,-2.1086832404121774,-1.1210556003721206
1.4485316949920573,-2.0751484907791635,-3.5296470262440662
-3.2275106268123017,1.8606411304142014,3.889014356799779
-1.2498168460268437,0.7979234559488925,1.6586236573942255
-2.141492954733802,1.1672531653237315,2.2031300009019192
-1.575966854465978,3.3348133295363174,1.4899389690474714
1.891917531999446,-1.2571075854751756,-3.3014437724309182
-0.6359327939845623,1.637255966782809,2.5321516511263527
0.3109236767813291,-0.1963180163189778,-1.3760138741287262
0.6440072661060869,0.8256322275389547,0.7739891016294284
0.2478407871799555,-3.5856450113162546,-0.9393524086406759
-1.1249037347410542,2.3409547377263555,3.1149119586658913
0.07264728876164117,1.3317902173906704,-0.5189880374868665
2.9715902354556007,-1.1763768629914424,-3.3227197223190355
-0.19180600382401472,3.041847011199997,0.2459699025612163
0.6322240566140815,-0.0677438849120979,0.38835880623289976
-3.45046177752243,3.791037885187404,4.631853602445657
0.3856703638998411,-2.2259613378696477,0.5456913611527249
-0.27198377792213646,-3.2720904141628067,-1.1448692451321687
-1.8119540873959643,4.280764028001316,2.272708089409581
-2.9764086448763853,3.6678250896162914,4.495920482308542
1.3457893771748606,1.0066697294646956,-1.674821893881543
-3.037072612942185,4.608308884848533,4.463365736443777
-2.7514886720967344,2.4348934139654275,3.2015971975380233
-0.5787201144283957,-0.25240194394963505,-1.4395343670177567
2.5185905093594596,0.0886318181680618,-1.7123165826195301
-0.009148899333477997,-0.20090364987891207,-1.1358583589088695
3.0366971545927806,-3.3708608975954393,-4.591251163429012
0.9929487398829658,1.0555333695600075,-1.497274192729094
0.2226356676183007,0.054947990212363934,0.17158194806784943
1.0693753183122432,-3.8743194989093594,-3.0778550582403086
0.6833792808840519,-3.070075938001884,-0.862785391360693
-0.9576353841172264,2.309144796387689,1.2438087879279844
0.915599919189139,1.8874800415821897,-1.236173472226777
-1.6905724657067622,4.106812585865604,3.4698043073857807
3.3424738979558772,-1.994603362193508,-3.7745335009447682
-0.306677909820697,0.8495467063410047,-0.0806796747531562
-0.34883267874846896,1.044421241466956,1.5210054072764625
0.09498498108031862,-0.9880800402798556,0.495434916103421
-0.8371872039496683,2.2840597840980212,0.09833881750866628
1.73312963070425,-2.7694314625759056,-3.6348926894470512
0.08929334679923616,-1.4074205747385362,1.072973818085154
-0.4488392918689213,-1.8552360081370496,-1.4622589862591995
2.2357561182110564,-0.06799043899562944,-1.15068292148252
0.37837543943995683,-2.878913362309319,-1.4331789425265755
0.8347955071735056,-1.1234305632059602,-2.293418333500093
1.3873605925111625,1.5696788941749151,0.07575515891967086
0.7296922545546208,1.1361988513508101,-1.3258866046635749
-2.5775336547203866,0.7969159268646402,1.3058953644746258
-2.8731289005793292,1.4426527775351945,2.4512410425750044
-1.8421747319596964,-1.0732598380955958,0.11167315429912383
0.06635315060924929,2.104428974370134,0.2567344106006489
-1.1727764326970371,4.415815352233937,1.7445463550655869
-1.002043921596778,1.3051291709493846,1.8323583399285188
2.774393466471362,-3.6030623431336664,-3.0135663489883107
2.1691594615418035,0.6857500238006115,-2.3616112594177423
0.15246471718565988,3.264537347442252,0.001200073418163356
1.9537359755098345,-3.2795252861047843,-2.929564431134996
-2.185203528550992,1.0228359634646962,1.912411461961585
-1.6498659277907834,2.9441499432125573,1.4002544954914327
-1.480992637943349,3.6765665890830515,1.7150426463681194
0.962172922129306,-0.1449579391696814,-2.1548339561255636
-0.3514458030612533,4.140004975871219,1.614893476388965
0.8643457731266609,2.912326413251857,-0.17279796710726755
0.9607527096265266,-0.9308284411108986,-0.023344901258214493
0.8063476895942835,0.6936028684741958,0.3583809891284831
1.7332798694655305,-1.159941749070554,-1.419110497287542
0.01511619729559688,0.05717189481125705,1.030108563929219
1.9116494476676298,-1.8139534930430505,-0.7757716892310949
1.785086963089355,-0.0732764150382563,-2.696586131593058
0.5637081468200869,3.5397736635503945,0.9210166974861798
-0.9790038145057147,0.5516356800349835,2.051847948585593
0.7651474838368488,-0.5479124350454795,-1.5524289646757623
1.2690818542247242,1.5143172677801213,-1.7170773435364242
1.1620527050419456,-2.6887719017364615,-1.7072134898180948
-0.5977571962142785,2.7079090976131557,2.7555058362242395
-1.7513824335138346,0.5302735767428862,0.013079862337961072
-1.5099722065624988,-0.9739459332358494,0.7297293795416213
0.17077905113253222,2.105153165277437,-0.5448739749620385
-1.053078995608376,1.215912031372305,-0.28594025504497966
-2.5032889378946828,4.523466145523213,4.696757068714419
-1.8301847805901335,3.3994624711479013,1.2676321933556078
-1.8335038812160134,1.2162717124851794,2.2051150635853984
2.7562563201459893,-2.602098053764852,-2.5721358803126093
-0.6760056821213889,1.6239328861582647,1.173478015362498
-2.7622369058779923,3.2251866675293117,2.526418399481018
1.2662652221938298,1.724341218408656,0.8904288544032525
0.8594481854018396,-3.742884562598364,-0.8065279410444566
-1.0759413150176034,3.216348209418089,1.8217695647731538
-0.0984659019210294,2.0856232846215845,-0.39300438334865456
-0.017425477931372686,-3.5570561632929225,-1.3154643566296484
-1.7742985416193016,3.2984516349103763,2.6255466448843863
1.5386500082328973,-1.1143852816566433,-1.4455467293730813
0.10874959046300557,1.0696738782388113,2.1999445510570252
-2.5960793444274164,0.601939103832634,1.8203761345314746
-1.9438328793460202,3.132698392662652,2.21905138592385
-2.7344941926635755,3.9290590268738184,4.627354046932145
1.4080458283964246,0.4709671087078892,0.5416024631530814
1.6730881076635347,-2.6327228264007743,-2.5264435970655916
-2.572373779391707,3.0523493268440327,3.382997693826472
-1.8812343327989667,-1.8468142703568642,0.8420106564658212
-1.6947825513406816,-0.7789354929498222,-0.1977773961106175
0.6083446095522602,0.7292718854933752,-0.884163099868351
0.2826866817186956,2.4561667895989943,-0.36209387706982876
-1.297017615844709,1.624200867201598,2.7802585974100156
-0.3218171355884562,1.0340765458754568,0.6489423842643424
-2.7068550035931076,3.5111681825847407,3.334691673030432
-0.3149858007004947,2.6537524166318716,2.4045828925599757
2.227343574458962,-0.03350883953934503,-2.4273486225450878
0.7708715158556179,1.6740885830602263,-1.4396431018334677
1.2604044188402852,-3.173299348536805,-0.6843374030959071
-0.7184566297243529,-0.4087611789596377,1.4029923733071312
-0.23307883911696936,3.5309811834311686,0.3029707454329487
-0.3973332721992794,-3.052187241542825,-1.2007736435663454
0.6023966812637707,-0.24115789889770348,-0.7489246143357116
-1.838083885654189,2.3947350223025494,3.155092500789037
-0.6868834197069884,1.6595494845116883,3.110073125222231
-1.024078603969493,-1.5228186847529326,1.540393670238163
2.561195387286187,0.27702960218187345,-1.9477401259172988
-3.405457529114189,3.4707653552881927,3.936585753198933
0.8820915119345334,-4.3566238932508945,-3.144220783134279
0.5668123225168263,-0.24250721179225576,-0.8234186582995683
-1.3072983663241522,4.790425013537652,3.285571207373483
2.4402976770035907,-2.6158837579591125,-3.6540211219250387
-0.08632488981995734,3.6409016083429404,0.934165991076638
0.7476525039967818,-1.339233345586708,-1.3178566273813517
-0.6258971782194362,2.7358054313626723,1.359372373188066
2.1438764516564395,-0.145832841014996,-3.1029039858317744
-1.499591268523387,2.3924613006126387,0.745600318691798
1.949499091076902,0.5497205039362772,-0.1291205618526594
-2.838915651779958,3.6914922975557047,3.502345005123249
-1.4090492098466303,-0.3661661896284998,2.5086033495121187
2.9031708211993976,-3.3209889379567357,-4.57907813789016
-1.5869648588207335,2.8080786136248035,2.408481018112232
0.7362750218816373,0.9194968040618785,-1.8140717822158092
-1.0011679580963262,-2.6423930854718862,-0.0984359438105859
-1.7519853882308907,1.0685313932771257,2.516031589928619
0.5746658515920741,-0.3299889065000546,0.8321054093520722
-0.43219185737420945,3.7553027844287694,2.9947956547645838
-1.2333750513314876,1.1608956400246542,1.9490744650256873
0.6592907992766428,-4.219875266427819,-1.3513161349509626
-1.3877421065720668,-1.9066848172853665,1.0809208009863132
0.19599166740817658,-1.2496699766037462,-0.9425009382019371
2.515577335178565,-1.1019749546822502,-1.2645870210896637
-0.5155878348451172,-2.2334425875192174,-0.5612602847208638
1.5502447862654143,-0.05162286647205277,-1.827352533176312
-0.02727111727187523,1.9875821384889223,-0.6671567615521159
-0.3121904406542319,-1.8109281661540693,-1.0909724792488396
-1.3722881716266062,0.25369905464438897,2.3138361556696143
2.3380388406976187,-3.127655459699487,-2.8265209145489063
-1.533310919050793,0.06317873242666093,2.2686418629827525
0.586816971063645,0.37969388957557276,1.422044671511823
-1.167298333396554,1.2983599962279142,2.7373640076729555
-0.2778022576833862,-1.0281481105532428,0.9523394044958342
-0.2297302795936947,-2.3268033761113096,0.48626340362969017
0.36790205384599967,2.485240370439627,2.1265856696819787
0.06936075218167385,1.7554497879084192,1.193008073763082
0.5311955176969931,-1.3589802100180433,0.7957246522679052
-2.8936476778860336,1.361447897418849,2.5942594711886633
-0.5080213288384368,3.9119850196315253,0.8578808827990735
1.3399382967934244,-1.674524005999194,-1.8938992334559566
1.0850980956756744,0.3883528583167309,-2.1446219600053267
0.724057300828596,0.15796375083522254,-0.674287981801261
1.6840439901513493,1.5939586156853172,-0.005991316793291267
1.7354319593882823,-2.062812024271919,-3.839124781142162
0.4084189026009584,2.65219704993742,-0.2260594047583919
1.178899638922313,1.8421021870456826,-1.1355346551558987
-2.3557842134424964,1.3987711007353294,1.354522199707562
-0.9901722220025206,4.808012068103102,2.777750756015109
-0.39486593192502967,1.1103922753087148,1.200362616761841
-1.3850551162452156,0.9697057050717152,1.8707931430135993
1.8151971439934842,-1.6092634106517547,-2.039440089662069
0.9534856766370168,-1.2137555457652613,-1.0772049457964552
1.9453285150403412,-0.28148230043766165,-2.986421238555822
2.34645033520419,-3.0877633694053657,-3.452929557325379
-0.27331029578510774,-1.0248812969479033,1.7700242727415112
-0.716847778506767,3.877098103539848,1.6530417078668649
2.581674844864086,-1.8932710397104837,-1.6108493073887413
2.5979934902319677,-2.942554329779142,-3.8039941298754947
-1.9418416574303317,3.071615704843796,3.957255698747405
-3.2702156324353195,2.364262187229938,3.4422949670964624
-0.1658164580643516,0.4848550579260856,-1.3680829588211307
2.3833465743526183,-1.488797543723834,-3.232748906760984
-1.6452437266734619,1.2491815919491978,3.4434205805386315
2.21526523216229,-1.3384065010506825,-1.7820135687343415
-0.06048748218239384,-0.9810151845934677,-0.8620677991874905
-1.417194518934876,-0.38946639615419604,-0.22665108243604504
1.9142337944536978,-4.4029715002890075,-3.590543327162317
-2.2952711075935732,0.21197417677890787,2.177670460134908
-2.33113934863691,4.316178158903796,4.590229873571473
0.45248524255350786,1.1996416680611373,-1.8086149063369534
-1.7014598127249918,4.70341631680537,2.771098844341078
-0.4072823530862509,-0.23519688076462356,1.6682339360655525
-0.17133146987904388,2.5511280054947827,0.8040609576003296
-1.9163428910250437,0.7783571961749394,0.3901591449922378
1.1713863468836625,-0.05739588068466973,0.8583523672933249
0.6348498327987242,-0.05174537504454389,-0.15228903206256014
0.5751686354520898,0.3398411096198245,-1.5880554259716748
1.4292530806141424,-2.8987648702029967,-2.193510492441132
-0.2235353208681485,-2.2486500453815483,-1.3761443596175233
0.7567575935908885,-2.2209768050046543,0.07885744546667142
0.0495633199984966,-2.0626918523315334,0.6617188498414055
0.548945981035533,-1.5818704855586465,-2.0527458278073474
-0.18437070109947734,0.7857711525976496,-1.060325494753507
0.028051316507683617,-4.030154155021983,-1.5525159352845976
0.5725964889969372,-2.616639727816901,-2.6770663739261438
2.3974304923146956,-2.634870309362865,-3.6026292326564398
-0.14110747627631492,1.318165222142371,-0.9800667581975369
-1.4296368490482112,1.0186111212174538,1.17731688944506
0.00993577551189531,-0.652596582828473,0.6099257739246159
0.8060074357790799,2.2233185280829124,-0.682894661065541
1.690584419835501,-4.337475430749462,-3.983242285050819
0.0535316718177801,-3.4509361004515586,-2.0574850371894056
1.7393992102070162,-1.2545015106239559,-2.849879308851086
-1.0711482936486187,0.38873633954836945,-0.8883317496574693
-0.16950451856119483,-0.09486945934569217,-1.9020644835396572
-0.6505753732125437,-0.4159251506706056,-1.0743543602530048
-1.1445811196804732,-0.4376234975026272,2.398444785080697
0.5162519273621096,2.706213301799318,-0.492347829315501
-0.1871060286007801,2.5639931506718137,0.1507352008755942
0.44280019836690343,1.6202093634648667,0.937891911117471
-0.9697540707351967,-0.5032151423973232,1.7207024186843425
0.11111999581674659,-0.42233188481565503,-1.3867589849227588
-2.1238563465223295,3.6080865372701862,2.0388891706023955
-2.5404558132235535,3.029821467151743,4.093865340638592
1.1333950314599734,0.12491730406279004,-1.7202345499000617
0.3102477344946626,-0.23223053519288964,1.0824661852997919
0.4422030534979744,-1.4567740009392984,-1.018157570509474
-1.5852100823777808,-1.3284585320038569,0.2760124643504992
2.0005935002063477,-3.037472855535776,-1.226523358963663
-0.5064452515241475,1.9766037466795072,-0.2855411286947831
0.1935915794992472,-1.9080232900703231,0.5741439244502122
0.5336971987880513,-4.38914928486642,-2.0622867005658496
1.8744901101542988,1.202193348398917,-0.8565028191841937
0.9491624665487909,-0.11369422423588241,-0.7132573874188981
2.0469290556665145,0.7082663090465374,-1.2549569123324602
2.2298308018490776,-4.477706545229834,-3.8107151419123237
2.9078697468674273,-1.1870539456805143,-2.218930688648233
-0.5774709364076029,-1.2479865290777683,-1.0497527237530047
1.9747884362221715,-2.0254334891128467,-1.2859079239124067
-0.4717778678232448,1.6360333231435051,2.1839279616532847
0.5676455568007023,-1.00375200580848,-2.3387151537373794
0.18845782496355212,-0.4765824284237205,-1.1243943969050345
0.3425346916807724,0.420214129442465,0.9705868677505701
-0.19741996348977653,-1.9804341983062523,0.30280369520141925
1.0593789871634307,-3.7609769431915847,-2.9704739603522383
-1.3751287935009846,2.4685070379923055,3.523976859764447
-2.681660385775913,3.269488231545028,4.315583394248439
-0.9050622068056593,-1.366633197534982,-0.2630704361436231
-2.517725744059622,2.299617816799077,3.677378539861774
-0.6839667971830028,-1.1961139529297125,-0.7976733094954465
-0.14381719510806443,0.9450679309955367,-0.7861900465187693
-1.9244280090042216,0.1840318789499851,2.490626307817996
-1.5403805709055098,-0.11730696527877398,0.42702168373682237
-0.15616683985751825,0.2891303772436374,0.9066694892313872
-0.5918917042701463,-1.0638028913363737,-0.19351079111701905
0.7866434394819807,1.7153986551794205,0.4672390502378632
0.2976955463858624,-2.292124232648199,-0.3724646695420545
-3.026276828809711,3.446038448672943,3.2673731111320943
-2.8905559591934145,3.949625480914554,4.839192270297147
-3.3573626358440234,2.594216611965414,4.004718472225063
1.4699383001847741,-0.2616792575062428,-0.9410123037866489
1.4253645221210873,-0.15254783228585386,-0.9376080946682458
0.7029216796293047,1.9303486871072537,-0.8217871192385913
-1.324927892369423,-0.2535868462031925,2.640274837809213
-2.5680511590517874,4.0618302224750575,4.36156463472961
1.4854248655738136,-1.5962001647132302,-1.2809886198849723
-2.4913972637073756,0.1272213519251563,2.6358074243022305
-1.204812014189825,4.90528464127034,3.3472921659146424
-0.6741008331907253,-1.3359550761027117,0.9944091900204888
-2.2502424497348885,1.523191501904799,2.0585026157439077
1.7677817939443239,-3.8479162300778746,-1.6124598616406403
1.3536973204944447,-0.48541568907072796,0.40810975212195566
0.4708632141914339,-0.9852337289674313,-0.4642538208462209
1.7602125018663088,-2.520037413765131,-0.9139166566094644
-0.42656181660863984,2.886758123998815,1.2244880928794704
0.45195407512559477,2.9641342012389456,-0.03540314654184899
-0.8068098030616999,0.5857160794621316,2.1212634527001275
-1.7279965955739116,-0.18969535756997463,2.7837497058255583
-0.10978588579631642,-0.1454280879601933,-1.4424727348168316
1.0151163038292155,-4.154697840710969,-1.5440017090720277
1.1707481116940415,-1.4082981667491596,-1.7194196337200838
0.25134996975717877,0.12865030673195227,-1.2019043767015214
-1.3457083809622972,3.860046916069455,1.1789092328615949
-0.02476678547368527,-2.5960137817390896,-1.5111478156860618
-1.4349127013794394,1.229471862146859,0.9184546360559898
-1.4122343449087211,0.8459350374783066,1.4785516025969636
-0.46655231732586705,1.1059516271259775,2.3102654902938498
0.7348356395505328,-0.2638747409813524,1.3119874808874412
-1.3498469252367271,1.7089606512754882,1.9771981058032406
1.0815809408908768,-2.98477017610626,-1.7064169053434504
-2.199366519500359,0.05234664099457023,1.3561091045921565
-0.49606648191249614,3.2204037286170477,1.4682360267259014
0.9908437469486489,-0.6122437546110913,-2.765157296393113
-1.8606471051530173,2.2073987934147015,2.4745611428234437
0.7475576703260793,0.7095969055704274,-1.1111255368613975
-0.46167757816791144,0.8685065391528999,1.840439128790648
-0.5687227959710159,4.2684662981896135,2.948966760485456
1.831752420071711,-0.7504796387564597,-1.2548852436388516
-0.08868645218496089,0.4701231073812974,0.6290091770265299
1.2502835742773721,-3.679655356757944,-1.3292272332348993
1.3457652135921356,-3.191860836417712,-1.2625477585156486
-1.3662921681568843,0.9101760308997128,3.2095043104526457
0.7480071929582224,-1.1402576594613334,-0.768481985203973
1.6894602385698867,-3.02118206470858,-4.2090793642024344
0.00980791661059626,-0.8770871901867617,1.0723896475056136
1.1808292947056478,0.3668551259337699,0.16897998440700313
-2.406940089922691,3.5932725793655345,3.305119687796495
-2.9646329122898156,3.0571300168353295,4.316409732899189
-2.240194171793851,-1.0578964548109782,1.4600129623994227
1.6262402573968813,0.20651998067011298,0.08193556577810984
0.48289554170549104,-3.390649749762345,-1.4786083007223378
0.5475635722896915,-3.0166779855415844,-0.1256902322999626
-0.658843863859459,-2.4290333579040477,0.6448266303540507
1.458688960642973,-4.927142312690175,-2.788314654893233
-1.9864600102643113,3.1542795273050643,1.516513396243946
0.0248090152868129,-2.8887944671559485,-0.035989159400871155
-0.5045975855311039,3.352047271460901,2.317851294650575
0.5894918799242348,0.2964327069298965,0.020648467621293114
-0.7557293756657536,3.7360279405129573,2.3730479855279105
-0.011760808993148015,-0.04765892465719486,1.9227216123525284
-2.511032837577861,0.647649694152793,3.310401117663056
-0.19053797499310268,4.1624112887168305,1.7476682339498606
2.576990405664743,-3.203657710320068,-4.236266879614084
0.28652207670135404,-2.926088971306268,-1.7059157992266214
-1.7183362140195524,1.5885103598637456,3.2754480248242004
-0.8095690120167928,3.1033741669632215,2.0815237054392526
0.04247512751505189,-3.5876324919392597,-2.381029412962329
2.857578802458874,-4.716118591917088,-4.780908921137245
0.4134291017009341,-2.6176944536115965,0.23180836197735125
1.7992130126775876,-2.4990185038131125,-3.51733499109595
1.187465211600113,-2.8530421971803004,-2.8027850336479703
-2.927393648299027,1.160363225820567,2.182361898868178
0.6380394929784501,2.5521438646821974,-0.18072173539780317
-1.0842429993388416,-0.0458955008645788,2.142600032743595
1.3046246351638358,-1.9731197076551221,-0.6023718225113269
2.5104416390744904,-1.7829921345029043,-3.773965680838301
2.7297777179381524,-4.046397249823282,-3.900928940091948
1.1453439091534106,-0.3018798943516889,0.3180200383019839
-2.944202411238879,4.51165271735604,3.547055208647528
0.27627370020302244,3.372208953098959,1.2750473134433873
0.006378050265869521,2.3984908388673203,1.3998846142540073
-1.4048188728989954,-0.12950912303263817,-0.5156585831675733
0.4968766370039504,-1.0619898410696327,-2.426310380224447
0.3567320947056018,-0.4128608273708821,-0.7921138388389134
1.9960734582039439,-3.0455297813719286,-2.544055827979798
-1.0892561804025542,1.1896497970063802,0.6918140656791256
-2.077131719210512,0.5420580333802076,2.2335450226623252
-2.462780592077905,2.758692538386161,3.671117279571766
2.9962983115354764,-1.1021725854051796,-3.0265630095801996
0.2848669107363222,-1.7802602194952657,0.7713752068635972
0.27496589745620137,3.3929921887795382,1.3580562798264288
-1.6272321647446832,1.1968243415326736,0.23467063746032854
-0.2235713559855535,0.29961143706925125,1.525204986809121
0.23473567852257338,2.0406540946067815,0.5724959646743337
-0.20520849116211737,1.714551888614186,2.347879434269164
0.847073582525325,0.8085255345103545,1.3548952020094291
-1.3503768938232974,1.6200483854308374,2.3095543951328064
-2.2998633219852955,2.7878580752591766,1.6329728089586186
1.2893173639191724,-1.4330819995790838,-0.3208854208241346
0.8763420808941262,0.35271217690217893,-1.2199437256809122
-0.32672516168439514,-0.6868268440626365,-1.7906924582471204
2.582905547663905,-2.2950258676332362,-3.9572074797513226
3.4377631717748565,-3.4441129734225067,-4.638914806360787
-1.7849869086125476,3.0432655110842433,2.2681039359367126
-0.1269405545805844,-1.9440963349902194,0.9238686414994197
1.7843057557694928,-2.448167825445706,-2.3307528962941073
1.0491036857479732,-0.7410282038501516,-0.08855903683358686
-0.6638957903800429,-3.160799583621031,-1.3358268097708696
2.8911690586629977,-0.4671627463063239,-2.8689928592092815
2.7301432320649686,-1.4344912853469654,-3.6271347774878406
-1.6786986910419324,4.370575268421811,1.9032781369268787
0.8786719432961206,0.95457420942789,0.40619770522421783
-1.1680722641503196,1.1617999908340233,0.9678661638392763
-1.0474112518734051,-1.2012838540780721,0.09346673571028505
1.1465328201675165,-0.7417659895862464,0.2203142745475163
-0.537718716400904,1.00862380534826,-0.7750094982679792
-1.642615955052627,1.3013247136823276,0.22080086143130634
-1.353101131409251,3.8969593920409973,2.4384257306884503
2.1769641566060294,-4.53914198846737,-3.0151664344464715
1.7240805005522208,0.6032845582762195,-2.4916677917669654
-0.18145840355778234,-3.235190989520351,-0.8417151422650045
1.061837840469891,-1.9251453842556963,-0.16896376725153253
1.3719353607789095,-0.7491916382394415,-0.7949561722581993
-0.3795952928935511,-0.8490924346098935,-0.40285103396020977
-1.9063390849017745,-0.3912267311601211,0.4765111262433407
1.5495040837900766,-2.7348281870668263,-2.23795199130732
-2.33337778873581,0.4570239977738514,2.785611926080858
-1.9006827224733664,3.912523260559153,2.4566810742152967
2.8031959761191207,-4.717718016264001,-3.440958515976556
0.4504044691130134,-0.5137919609109741,-1.3902360730546237
0.8975438336369735,-1.440097002955774,-2.947764516913998
-0.4272284833716811,1.5524916512477447,1.1680720885912974
-0.616464540688391,1.436283161524273,-0.3590742463858699
-1.870037376344668,0.7475452936961201,0.7455376552173123
-0.8861769500758554,3.7152233561149735,3.063748295957628
-0.3797400884802201,2.7387740684165913,1.3623996902502256
-0.2978118055898559,-0.27264403664797265,1.5771133367485424
-1.0980613725441166,2.4057193995744193,1.401951012392919
-2.9572411547046196,3.371566522213598,4.741132642278475
-0.17650080707058302,2.7573922627288137,0.891653912896818
0.4636541270493164,1.7661560003501233,-1.0967807922826154
-1.3899251023808619,1.6393683735525817,1.8923436907727407
-1.8037154622211182,3.3612297270272156,1.2052172101434235
-2.1719083101897905,2.808966891836947,3.6351427829516614
0.21445247313401603,-2.917091817557907,-2.5948376862951443
-2.170195667383178,4.490753810309062,3.5396113675005836
-1.002975713522158,-1.5222191459281524,-0.6731493606981962
0.039555638858121474,0.8062533919888353,-0.2581444938166317
1.1585433936888387,0.897253344620136,-1.152005021031986
1.2863018863745346,-2.1685660900641888,-1.6398153184351814
-1.5021841672519742,0.06860171908071426,2.6081985095556592
0.9172686739004996,-1.9523146281443382,-0.31286628646316955
-2.15592850685733,2.3226278409760046,2.056401972372082
-1.6175127792826833,3.460391870061214,3.9335799210703786
1.2979230200085436,-1.5764242416443346,-2.178250992560714
2.28918496911705,-1.5201453996737362,-1.0594866428973666
0.39240285272383096,0.18315136309306257,0.02471715956555808
2.2008185252717185,-1.3516584237742082,-1.901373561609041
0.8817682076855418,-0.6018898941605405,0.6819186835916001
0.22226147558159598,2.3824565596036464,1.749651803166588
1.2212520043154411,-1.705048077485091,-1.6349330918013636
-0.7782714959397425,0.2498666756604866,-0.9863539599883737
0.2845541836291622,-1.0870210651902386,-1.597150461201665
2.183088904592016,0.17495226059518476,-1.7608838987305329
0.2926894760981291,-0.4438477677917556,0.15038571800719666
-1.202745348685586,3.382191330412088,1.4518569238671706
-0.3515139599785835,1.431677402239531,-0.43742659688507096
-2.685338974466381,0.6220324998500778,3.4379777416066357
-2.1994519201861835,3.3727712979167097,4.4330098065521
0.13407025266077952,-3.29549218414241,-0.11883479868603568
-1.2972996868900901,-0.19454396540312785,-0.4326247901959711
2.661463892698153,-1.9904178972291382,-3.1946160974529723
1.6837503642883056,1.7816896017803843,-1.315489032749204
-1.7916142579581205,2.6098562680113675,2.5843634564069635
0.7394024807536528,-4.274272001344858,-1.2197948474966824
0.9863406278584856,1.734129171897208,-1.3155303804377119
1.3596074313532538,-0.6164668204134176,-0.9896327240604346
-1.0107750946527452,1.7851196709825288,0.505272944617258
-0.6897923663354298,0.6348690385474094,-0.8093959605624523
-2.3275967805568634,1.6435571098884278,3.308175070252211
0.3973533237738635,0.826600141882234,-0.7471950198894971
1.8501473706503415,-4.27069277944081,-2.4343434023359327
-0.8862575066303655,3.621437357105924,3.141797124905487
0.5819654814222719,-3.344425445038926,-3.030922930638445
0.5964051730628688,1.941364381067311,-1.4057710470897369
-0.4342381428466431,0.7613628870057517,2.729306590298073
0.9016343426118064,-1.4257057772368849,-1.1245822393019045
0.9027062108741659,-2.936672567963883,-2.6018320610880337
-0.007076068356813684,-2.4657616360757464,-0.8491986637122945
-2.5389350487353837,4.213703884021811,3.8331307258628233
0.11660740520775004,-1.0323060478480204,-1.5647923163142459
-0.7757174227666597,4.583702393247432,3.0505291315493404
1.6641668232514646,-0.2623623389280746,-0.02549301334539678
1.3265466143568176,0.39111056960552876,-0.6143005375786346
0.8482833856182039,0.5877777811806627,0.03819922099543891
1.374645743440159,1.0254235581513453,0.6333067657428326
-0.019536265199872692,1.743605682014787,0.7256838254456323
0.4619678896967541,-2.418872805498877,-2.380339567822966
-0.42618575168398354,0.1304456497290603,0.9062459055751914
-2.9926051865293894,2.4483155053713057,4.007888577313647
0.41126749469284724,0.5136843862721575,-1.370751439045077
-0.7095658024052113,-1.8999196136402425,0.5102660613305131
1.3637961960442186,-2.2242414381966493,-1.9497116849761145
-2.6006608298833642,3.4248306606982983,4.542623509470215
-0.2632590416060371,1.414050072450278,1.212025343865449
2.270672090634622,-3.0181242618190107,-2.6082221504285035
0.5925586131239563,0.725964434457931,1.3601330455699385
-1.3882258209655112,0.8887865454018702,2.6137652722130857
0.8659120027552579,1.3773585264964707,0.7943320963171443
2.1093497362667595,-0.08977036855406698,-0.40825588451528927
0.1663037020995407,0.5295071094170517,-0.11574697303116835
-0.22970780054147052,1.4957870999184188,2.1996338629229286
0.5354223831280984,-0.809452523205974,0.819971742327815
-0.41260515132216496,4.318160105927816,1.4396694565224002
1.1455460638653705,0.9818563099105819,-0.9412170877892655
2.526262799449912,-2.3668580808041124,-1.779608551362883
-2.9466785712612404,3.238486503223794,2.746422970968247
-0.31277976346881897,-1.282887285377276,0.5882108603578013
0.20415524099090718,-1.8247750304622767,0.28475533056853963
2.586580305612661,-4.0470975409128735,-3.3680023312127854
1.1011988665560153,-3.2428266718373986,-2.9783079662342944
-2.316301619485102,3.0596835280560644,3.3722321263790422
-2.4768372097359856,4.498177627298298,2.917707487756876
-1.0290319312107696,-0.8192140149725374,-0.5882464207567435
-0.22710746151786884,-0.7529270970057923,0.8646427833115449
-0.561892574485209,-1.2297730523879677,0.4960256181227272
-0.42241130320543885,4.506412490600105,2.3945050291469303
-2.718909325808319,1.555920134895567,2.294971522717636
2.27628167811165,-1.5472068946115245,-1.5769144911857027
0.9879064660913881,-4.502704243990734,-3.2544145814008165
-0.4462094408649833,3.581999632478602,2.251428292855347
-0.9958184941604465,0.4999888552119591,2.2841523618480934
1.3733709647187498,-4.533308955638645,-3.0712823619256717
0.3630537281773293,1.3055654886364125,-1.2185594772372197
-0.6906037750224671,0.5586969046123642,0.5416842514710437
1.2530043017138963,-3.1335864004331744,-3.456281091121803
2.8594803493468146,-2.680598110027793,-2.2422478308543217
-0.4138864974459085,1.5517039566988553,1.0073514443982534
-2.059282855082398,2.824917055844435,2.9607351050186383
-0.8717786849259144,2.2301415170069667,-0.2601859479406493
0.7524522914401235,-0.48938580127098985,-1.2131719440384505
1.9794216152292603,-0.7730632001054429,-3.339457233939611
2.003798002873374,-3.2128754650832465,-3.7880040861390296
1.6315744839829032,-0.1970156260214818,-3.116861210676247
-1.5522152642730807,1.369812923922358,2.419959351453006
-1.4189098399003326,-1.555395705829937,-0.23755470320281546
0.567364367899069,-0.11734330232795902,-1.4411138238354162
0.2659515125634452,-2.5900864038497833,-1.0896326542644883
-1.3010927457132795,2.655690124987241,3.926958495688361
-2.17069732018706,2.2605967126981197,3.6685250388745887
-1.1951835601615572,-0.6596036716261501,0.40034928117184954
1.3099395368498363,-5.059032073993911,-2.782304993975955
0.9130065767228384,2.5100685955103805,0.5769240617921811
-0.7658508400325444,2.9801134992435667,0.3624636092198709
1.2614054480046661,-1.159068939836925,-1.604528570225469
-1.5211028335181669,2.1638020683956127,2.648244418128549
-1.812857390258405,0.18212762893104267,0.49391009213437065
-1.044271744384852,3.0187268914638494,2.7995297424433305
0.7437785244374018,-0.676150430508769,-0.16190877722709832
0.5141759940013838,1.6717460642557613,-0.2892986861775372
0.34757217073847535,-3.6684576554156667,-2.505750856324821
-0.8470067796835825,2.6013398862506563,0.5710644927136795
1.8429016894057304,-0.14198924250260098,-0.09330684142479143
0.6863202729367688,-2.9760276503537577,-1.7870799912486615
-1.5006410099150933,-1.6203819114476739,0.9279310041914225
2.6787759226604035,-1.6675127798001426,-1.747004893597061
-1.4568017618815643,1.2680899115512216,3.31912188495423
1.0491502136298003,1.3587895678968696,-0.09480114672131564
3.2311467471615285,-3.9870952819295242,-3.7507437889224198
-1.9378706650596365,4.24264917452029,4.280794433213018
-0.2502194991664259,-2.270543860779242,0.015284059562797245
-0.4395634987616904,3.9994507118690867,1.641207213257847
2.8025243432715174,-0.5972813295842013,-2.0061924184014064
-2.449644998165142,2.896165110689489,1.723794916848355
-1.1446424361773413,-1.6500444163404921,0.22476501876067656
2.5915237242253975,0.020197706448921524,-2.6156802477386636
1.7769908705808948,-4.385279710153166,-3.527547203764177
2.0649700112884615,-4.845102503033414,-3.0936747144573657
-1.876981861057889,-1.2250082893443646,0.8648766051299789
-1.4708186117019795,0.32921996902625417,1.1166053088820362
0.5217152737936931,-3.086256302150563,-1.9825410566423718
-2.8770501507625243,3.9143418621827175,4.135620241674985
0.7475889394387718,-2.6472393722059397,0.03491704013503357
1.421040714713206,1.4113844548389893,0.356230917809036
0.050461698973934065,-1.7382454311397302,-1.243866648276679
-1.3145987121880536,2.0581100623175357,1.223424636913189
1.4069718845917074,-3.6686375370086757,-3.48440232906012
0.7087464412668201,1.2371475017151998,1.350846650150547
-1.1924576164939535,-2.104075383180344,-0.5413857719129697
-0.5215597759763045,0.19283272619595507,-0.7768820388759161
1.2235777413523665,-4.215516668837789,-1.829320257223096
-1.9490841906287455,1.5503594669394491,3.392515083000495
-0.34455545149256356,3.928945629482747,0.7561268789294187
-1.6116179238166402,2.1218604338510194,2.1914431275635597
-1.608989147269363,4.178318470227328,4.004906731269195
-2.8761310451164563,1.7567056668098122,2.6901483090908402
0.6727255656744204,-1.0633604438889195,-2.7950136440761795
-1.1339043315050927,-2.062607264425844,-0.0840324198473844
-1.2510686611664434,3.936791485087374,2.652541851533502
1.082296873431609,-2.2152961897944263,-2.3188603130673426
-1.2253264067208,2.8884059304923726,1.4301402990907404
0.6360056734351562,-1.9105558593764047,-0.8591906737655399
-0.6995639930606807,2.8140555261244575,1.3772942844297207
1.1057663341227815,-1.5637897380803245,0.2222039164406176
2.3296681061239406,-4.5927791646052025,-3.298440574171605
-0.22908082476195107,0.7030061539873991,-0.418254688619191
0.8726323408682005,-0.47252682146323655,0.17787265053774218
0.2678325146290916,-0.2974317285438089,-0.47062133667525435
0.6057538711877792,-2.2681795937762304,-2.1214753591075914
-1.8219306181420432,3.3614336650596846,3.591502223823403
2.1932128389442105,-0.5568774798743241,-2.1482803566932924
-0.3328629649143357,2.0705353810351848,1.345113271895348
2.4473424920188296,-5.326207803897711,-4.055706950848367
0.2788748233619672,0.19064466913446415,-1.4208225203346547
-2.667423623648027,1.2012495312348128,3.569531605233781
-2.312850443544555,3.4506824482909693,1.8682471348109577
-0.7870388815537546,3.8665433146653276,2.032490477435606
-1.984919500374752,0.8073551135013354,0.6431261186441082
0.25181721370882215,-3.2423394419706746,-0.6719051831995183
-2.007835421602937,3.7255395579226858,3.2334474684595143
-1.5364500525296576,-1.652950563342281,-0.47431204172766256
2.6801594249893967,-1.3204542380883486,-3.835507216309477
1.4084283919784724,2.4046796472425176,-0.835255948989026
-1.5285603424996386,4.612739420912822,2.92214467255203
-0.8795889818481658,-1.1781385782006502,-0.13024493343093327
-0.7407486813799671,0.06264306232085583,-0.3208252254543675
-1.391382363310705,1.5483342567902827,1.0028131946365881
3.1487155892553504,-3.313124588948617,-4.549437931538775
1.891204074695639,-3.764699558603411,-1.6473476910364238
1.7181258454720238,-1.076042037097359,-2.242298321322844
-0.2278647964648006,-2.1094674006557717,-0.42420282111201874
-1.5992758427176625,0.01186268792805589,-0.27456002102180654
2.320910343005051,0.021907083016184496,-2.8830688691973037
1.618930281031429,-1.235938393594415,-3.165927800207515
-2.3740491281677705,2.6284076430641043,3.956037512058484
2.1758823443408004,-1.9274017051985504,-3.21145754378656
3.2145621077485544,-4.198365367407458,-4.829527194671939
0.5632893727414179,1.022121728601927,-0.04250071304805961
-0.2836483067205808,1.336737842686561,2.1549263384479302
1.9944610974988808,0.8106226879923097,-0.8868347666637113
2.0098839500269263,1.5237140239271862,-0.8535054866629069
2.3772103988561364,-4.602497485857959,-3.555995888349947
1.0236547582085105,1.6205953532721988,-0.8657728708833429
-0.26165844706314023,3.0871176137365026,1.1274635897921628
-1.5364810918462244,0.5559234416870312,0.5195820113985222
-2.5847023525870667,0.4989666311232679,1.8026936183919027
0.05739657932650089,3.7451883983710923,1.2681134890035481
-0.8951518224363109,0.31788153694149096,-0.8214968216897086
-2.6772761109065755,1.7571609253335163,2.896604453607059
0.40216743594400206,2.4501333773658103,1.2275577733250906
-0.10685176033640362,-2.0347638063699205,1.09019783130094
1.4707111473053684,-3.768368471347634,-3.9066342748317213
2.8272308300261773,-3.6873602499610705,-3.4405514891892253
2.06597283959765,-1.1800247300121691,-1.7146571256853151
1.4156710554749075,-0.11176751519257216,-2.3718158453049525
-0.6127194133845472,2.171666282935993,2.9451684095559054
0.4656632717171056,-0.2519260228376676,-0.6556242300385285
-1.0220310568092128,-2.7214828682428123,0.053306585332232266
0.0610963151615357,-1.5745699255329406,-1.779091385420305
-1.945381287862316,-0.20643107419492543,0.2309232212408418
1.9118143131260787,0.8644417800434597,-1.345974496962241
-2.3224729402135527,3.6042332406103443,2.639086938014658
-0.31577752827476674,3.196763739969321,0.49094912059488727
-1.6465143302357135,3.8848306220190563,2.9610082565370726
0.041173216353000634,2.1101950593722636,2.221990543701757
2.520129775383596,-0.12722894751129754,-2.350720205841659
2.70473736841802,-4.634828979573342,-3.30161187217335
-0.4889096241216086,4.050391409151863,1.389012966336526
-2.0804189777663744,4.420611941472747,4.269384350932005
0.5442655366496958,2.1107413516915505,-0.3715589026040824
1.6481187550472216,-3.9853888912369664,-3.4669342770756706
-1.5569599308993367,-1.4116675955870672,-0.02674730032908689
1.5927490239065474,-2.7768958250256595,-2.6291334023887067
0.1612951433327218,-3.082555934932744,-2.8053670461996862
0.23743968344383426,-1.3113949249974177,-1.9468539815730532
0.7206498122924226,0.22859996684082529,0.24262577995376916
-0.6760231073908576,2.713394123952353,1.5079816976920157
2.7661541793522537,-3.9922667378122423,-4.074613831707534
0.7660250202988798,-0.615455294414247,-2.659855028793137
0.3935087922609982,-1.6363907272946745,-0.5658084162562598
1.1602920114879143,1.0799419459049915,-1.4499060624337463
0.19205367097419546,1.7869404691858255,-0.40760054197878864
0.895265788142527,0.3627597248454609,-1.375765098971915
-1.9662037602069582,3.171357703225278,1.8351943776413882
-1.426861102585331,0.5226342782030429,0.16033768621503341
-2.854307610605314,2.70846267593371,3.624261206881771
1.304554092017772,-3.4039801903886144,-1.7312105232863106
0.7615425997102492,-1.3367690212635825,-1.3437271151121186
0.16906873528433689,1.13617215222561,0.3968221318801633
2.968938549055891,-3.4059108624760004,-2.7709392581509213
1.4249239142291243,-0.8946448753570031,-3.0145535671797967
-2.7149610587014585,4.655271942962398,3.9692210778163526
-2.204462444698757,1.0775192981236206,0.8919437863539406
2.0045001837224827,-1.0131011307587254,-0.40178319988386363
-0.7347472314550767,3.255337395915303,1.0471068653015378
1.586904775047988,-2.8913533928860087,-3.4221023481884516
1.85813770527228,-2.3949306809855915,-0.847543134083904
2.4092840822165624,-4.567620386817099,-2.9991037501455295
-2.7369165286046018,3.2242291650570167,3.5493960970883323
1.8018275893306301,-3.273307160034133,-4.164412248602787
-1.9414591975972504,1.8816252698686426,3.2218166834682838
0.4561912008581273,-2.1617356747553793,-1.6574228663523178
2.0195927947822745,-1.8424137662552786,-2.1199968500982416
-0.003838592524869222,-0.06636004055105835,-1.1048271418722653
-0.5936384859571118,4.483185371356842,2.828354775740927
1.687408046395169,0.5434124259868004,-2.3516650620494333
1.560846295986574,-1.6191849082732892,-2.8015740809120953
0.8343333736276652,-4.375190623667665,-2.967191488957514
1.1604578859909542,-1.7246884819791268,-2.1480107837289393
0.4596043109389668,-4.464377412073024,-2.200955850210933
-2.3098861770918466,1.874065734029134,3.30642683096293
0.7738891655790902,-1.14638200110195,0.24075963181625828
2.5116237420817242,-1.4080932454554926,-1.662114399396108
-0.4154136393554455,2.181659407371648,-0.1352505307412237
1.779096555979937,-0.7720259402982603,-1.638334978394142
-1.6067929073970428,1.6060816446095612,3.355559685496101
-1.9794334762602157,1.7876799748020147,2.08967337493462
-1.261745619003208,3.1196818067057306,3.3226915918934012
0.5187167639068562,1.6464312124287517,1.1213757504993576
0.46334401634537387,-2.582056387673674,-0.16262804680593337
0.8728773600739057,1.9577059131477863,0.21839214353456832
2.1282837816952282,-0.8702623272319214,-1.283778365659865
0.5804201951518444,-1.8863238008426308,-2.015824728142887
0.38499406228120325,-1.3442378008462803,-2.5446858529741214
-2.1164860683739337,1.7454290008514424,1.0700518733363804
-0.7078208326283207,2.947139645048532,3.374282477128411
-1.2292645061301675,1.7637297840874062,3.476376762754949
0.9206708154911425,-2.346920566940255,-1.5205054798337676
-0.6747875793574715,-2.089576754138145,-0.35757109723466635
-2.658903608319172,2.4847996313140652,3.128903262638182
1.7863711372564444,-4.755516339800893,-2.6501151908216096
-1.309106223810211,3.3191823447715336,1.9402143145767075
-2.761856951672508,0.5206451103297346,2.0015449900799225
-1.7329100475962944,-0.021017384706198714,1.485399679495396
-0.6222919107418711,-0.4154678883481429,1.9801209144291014
-1.0444593741546446,1.0942238616601738,0.34576569855181233
-1.5528183430607323,3.922994329827271,3.352733007760837
-0.8810043985604177,0.43967622478535356,2.7494643550708626
0.9622558525816125,-1.2322503616540135,0.05948335824413459
0.7461474055727149,-3.7307926466682826,-3.4218896052853607
-1.2050685852726766,1.2715568104647545,-0.2929352077904321
0.5082363584836637,-1.6201926281974284,-0.431655828550819
0.49518944477199683,-2.3451789196627706,-2.095070865107276
-0.5980397262874294,1.2347098212453946,2.893866327218774
0.60381816211113,1.4852221967896198,1.1714570979521748
-2.5378372898826616,-0.18739999854993622,1.5904167986889388
0.14360635216664702,0.9533776333611401,-1.2555466221937008
2.0638666068527076,-1.0347898088022187,-3.315606169352973
2.6046632788153756,-2.496404968502734,-2.7134327566295755
1.8818780401625388,1.69727119085018,-1.0120657721094475
-0.4581972883836447,0.10644915000043989,1.20287303348436
2.768452142941115,-1.7649934265383922,-2.997292868391583
1.540160011936056,-0.874753754981015,0.2388682516775326
1.9851461853335899,-3.817582064050522,-3.0640961210385904
-0.9620309836796236,0.7258469770317889,-0.35749479238328385
1.9582246659949971,-4.3206613175967385,-3.8439584810281198
-1.3157474419991637,-1.8036196989976496,-0.8415899562765019
-1.529940511800817,0.6404977743996653,0.26457156411390814
1.7785829797088317,-0.41838623809767306,-1.575652640753509
2.568700874814988,-1.764677865125375,-1.4694264504105776
1.9323465725413276,-2.8918138140837875,-3.11793698530388
1.9863257560053826,-4.2901461424155904,-2.1745238726566978
3.2597465899784615,-4.178967606469731,-4.50389221845096
0.5164087088936791,-1.769206322677899,-2.413686822184229
-0.8585168984621121,1.6986562227475308,1.1833222641219816
-3.1885145443629717,2.6603873138901752,3.4518580507995886
1.7351740092464476,-3.6089857163813623,-4.206316136454931
0.48840707675329614,2.0493195623826943,1.4211903105117412
-0.07436836814568325,0.77896795363072,-0.9441709109213363
0.37258361387926947,3.6067470760880305,0.9013917502048642
-1.1007532388465249,-2.6845539193355923,-0.5643951351493246
1.982959897823001,-2.8394663341392086,-4.266800172995605
-2.3432522453545364,4.576978185665355,4.273190010771849
1.5266037610730305,0.8286991190696682,-0.9570459255137949
-2.774579667427395,1.6623316797397512,2.5932975541027843
0.9556826791777926,0.008245711360978649,-0.8038758171866469
1.7645650059173439,-2.496606136355785,-1.6704669342085043
1.4452367820138645,1.9655738650302002,-1.4614402656882417
-1.2395347805346741,2.2513783175950652,3.498210802892727
-0.3990102138668726,-1.2302987771108056,1.277242345447432
0.8666342188666151,1.5236423577268463,-0.015498082613811205
-0.9434788063519681,1.017023361262491,2.146453467105967
-0.32032858411677784,-2.0105767078290233,0.9417766506327891
0.015876504682452535,-2.7550804068049404,-0.41342816806150906
-0.2902975611914897,-1.642568036138399,0.4068076322535574
-0.07270493573076743,-1.9769134051989412,0.3667273975223495
-2.3920648598593965,0.793119822323988,2.297234832769619
0.4794056946239145,0.10004463905599442,0.5911641032609318
-1.8830114071486321,0.17011752675218092,0.7039343282660964
0.40018986797744827,2.2084765155881545,0.17389848632430183
0.959275456061896,-3.1638197016692873,-3.568932060650473
-0.782872336173371,-2.737434004261356,-0.7472909757891695
-2.228748385385856,2.2685829031638707,3.569360411043044
2.666701569839296,-2.2317835270784476,-4.332744815188049
0.2743484627095065,0.6944957575332195,-1.2822313144858932
-0.15229143270421486,-0.7067350890520155,1.2436359294106123
-0.3498546660866558,-3.8324124067282272,-1.308270230858196
-2.5367558677133655,1.6134194379979818,1.503193673387133
0.37169620197892855,2.9267629017552403,1.715609953550969
-0.45972968638876555,0.19278221728292858,-0.45245515884640847
-1.8949430922378292,-0.35718004669600184,0.2625775238498403
-1.3112403084003859,1.3877077280573495,2.4909125518734574
1.7378793511393182,-4.232174712482937,-2.7670011993653736
-2.344163007126479,1.5343774139076995,2.1043021378649502
-1.8554413064467443,1.5472096736303378,1.1922420393400799
1.2286692178763103,-4.217419393299926,-1.4523887529794237
-0.14019954527997222,1.1855865613177874,1.5382835228266147
1.9714759273698654,-5.093818179247791,-3.096942984054803
1.2808255731479494,2.549456302452243,0.2771852245771691
-2.2803990234995384,-0.4450449317271424,1.464847246718009
-0.29340725684571134,1.7689133632046405,2.8116925957233674
-0.11793185713001865,3.5475087940507204,1.2092904150659742
1.8083755030044193,-1.489276971248459,-2.159845329753024
-1.2228475225031556,-2.115117123816178,-0.0027806700352308185
1.2902221321506897,-0.899097730043076,0.5233253035948076
-1.0903348259449024,-1.9654679366204426,0.9274225946818115
1.1179282262774233,0.6039054437583691,-2.2395862750956192
-0.6732025692408635,1.9099003654286675,0.8697879351204995
0.9457020561879024,-2.5086052337544844,-3.153622788643472
1.6723404339411703,-4.206856320658951,-4.037223657895206
-1.375849281367932,-0.9588090195326957,2.091651810453708
2.0479744132248157,-0.860038780575441,-2.274584651054541
-1.3244102295139892,-0.43278913812317144,1.4364002935981453
-0.13951293909137005,-0.6865873207020131,-1.8809085046238325
-1.647710402383765,-0.1977227623999371,0.7106743863233166
-0.9491456616713084,0.3514624407014718,1.8395379695038743
