year,month,date_index,fraction_date,c02,data_adjusted_season,data_fit,data_adjusted_seasonally_fit,data_filled,data_adjusted_seasonally_filed
1958,1,21200,1958.0411,-99.99,-99.99,-99.99,-99.99,-99.99,-99.99
1958,2,21231,1958.126,-99.99,-99.99,-99.99,-99.99,-99.99,-99.99
1958,3,21259,1958.2027,315.7,314.43,316.19,314.9,315.7,314.43
1958,4,21290,1958.2877,317.45,315.16,317.3,314.98,317.45,315.16
1958,5,21320,1958.3699,317.51,314.71,317.86,315.06,317.51,314.71
1958,6,21351,1958.4548,-99.99,-99.99,317.24,315.14,317.24,315.14
1958,7,21381,1958.537,315.86,315.19,315.86,315.22,315.86,315.19
1958,8,21412,1958.6219,314.93,316.19,313.99,315.29,314.93,316.19
1958,9,21443,1958.7068,313.21,316.09,312.45,315.35,313.21,316.09
1958,10,21473,1958.789,-99.99,-99.99,312.43,315.41,312.43,315.41
1958,11,21504,1958.874,313.33,315.2,313.61,315.46,313.33,315.2
1958,12,21534,1958.9562,314.67,315.43,314.76,315.51,314.67,315.43
1959,1,21565,1959.0411,315.58,315.54,315.62,315.57,315.58,315.54
1959,2,21596,1959.126,316.49,315.85,316.27,315.63,316.49,315.85
1959,3,21624,1959.2027,316.65,315.37,316.98,315.69,316.65,315.37
1959,4,21655,1959.2877,317.72,315.41,318.09,315.77,317.72,315.41
1959,5,21685,1959.3699,318.29,315.48,318.66,315.85,318.29,315.48
1959,6,21716,1959.4548,318.15,316.02,318.05,315.94,318.15,316.02
1959,7,21746,1959.537,316.54,315.87,316.67,316.03,316.54,315.87
1959,8,21777,1959.6219,314.8,316.07,314.82,316.12,314.8,316.07
1959,9,21808,1959.7068,313.84,316.73,313.31,316.22,313.84,316.73
1959,10,21838,1959.789,313.33,316.33,313.32,316.31,313.33,316.33
1959,11,21869,1959.874,314.81,316.69,314.53,316.39,314.81,316.69
1959,12,21899,1959.9562,315.58,316.35,315.72,316.47,315.58,316.35
1960,1,21930,1960.041,316.43,316.39,316.61,316.56,316.43,316.39
1960,2,21961,1960.1257,316.98,316.35,317.28,316.64,316.98,316.35
1960,3,21990,1960.2049,317.58,316.27,318.03,316.71,317.58,316.27
1960,4,22021,1960.2896,319.03,316.7,319.15,316.79,319.03,316.7
1960,5,22051,1960.3716,320.04,317.21,319.68,316.86,320.04,317.21
1960,6,22082,1960.4563,319.58,317.47,319.02,316.93,319.58,317.47
1960,7,22112,1960.5383,318.18,317.53,317.6,316.98,318.18,317.53
1960,8,22143,1960.623,315.9,317.2,315.68,317.01,315.9,317.2
1960,9,22174,1960.7077,314.17,317.08,314.12,317.05,314.17,317.08
1960,10,22204,1960.7896,313.83,316.84,314.08,317.07,313.83,316.84
1960,11,22235,1960.8743,315,316.88,315.25,317.11,315,316.88
1960,12,22265,1960.9563,316.19,316.96,316.39,317.15,316.19,316.96
1961,1,22296,1961.0411,316.89,316.85,317.25,317.2,316.89,316.85
1961,2,22327,1961.126,317.7,317.07,317.91,317.26,317.7,317.07
1961,3,22355,1961.2027,318.54,317.25,318.63,317.33,318.54,317.25
1961,4,22386,1961.2877,319.48,317.15,319.75,317.41,319.48,317.15
1961,5,22416,1961.3699,320.58,317.75,320.33,317.5,320.58,317.75
1961,6,22447,1961.4548,319.77,317.63,319.71,317.59,319.77,317.63
1961,7,22477,1961.537,318.56,317.89,318.33,317.68,318.56,317.89
1961,8,22508,1961.6219,316.79,318.07,316.45,317.76,316.79,318.07
1961,9,22539,1961.7068,314.99,317.9,314.92,317.85,314.99,317.9
1961,10,22569,1961.789,315.31,318.33,314.91,317.92,315.31,318.33
1961,11,22600,1961.874,316.1,318,316.12,317.99,316.1,318
1961,12,22630,1961.9562,317.01,317.78,317.3,318.06,317.01,317.78
1962,1,22661,1962.0411,317.94,317.9,318.18,318.13,317.94,317.9
1962,2,22692,1962.126,318.55,317.91,318.84,318.19,318.55,317.91
1962,3,22720,1962.2027,319.68,318.39,319.56,318.26,319.68,318.39
1962,4,22751,1962.2877,320.57,318.24,320.67,318.32,320.57,318.24
1962,5,22781,1962.3699,321.02,318.17,321.23,318.39,321.02,318.17
1962,6,22812,1962.4548,320.62,318.47,320.58,318.45,320.62,318.47
1962,7,22842,1962.537,319.61,318.93,319.16,318.5,319.61,318.93
1962,8,22873,1962.6219,317.4,318.69,317.24,318.56,317.4,318.69
1962,9,22904,1962.7068,316.25,319.17,315.66,318.6,316.25,319.17
1962,10,22934,1962.789,315.42,318.45,315.62,318.64,315.42,318.45
1962,11,22965,1962.874,316.69,318.59,316.8,318.68,316.69,318.59
1962,12,22995,1962.9562,317.7,318.47,317.96,318.72,317.7,318.47
1963,1,23026,1963.0411,318.74,318.7,318.82,318.76,318.74,318.7
1963,2,23057,1963.126,319.07,318.43,319.46,318.81,319.07,318.43
1963,3,23085,1963.2027,319.86,318.56,320.16,318.85,319.86,318.56
1963,4,23116,1963.2877,321.38,319.05,321.26,318.91,321.38,319.05
1963,5,23146,1963.3699,322.25,319.39,321.81,318.96,322.25,319.39
1963,6,23177,1963.4548,321.48,319.32,321.15,319.01,321.48,319.32
1963,7,23207,1963.537,319.74,319.06,319.71,319.06,319.74,319.06
1963,8,23238,1963.6219,317.77,319.06,317.78,319.1,317.77,319.06
1963,9,23269,1963.7068,316.21,319.14,316.19,319.14,316.21,319.14
1963,10,23299,1963.789,315.99,319.02,316.16,319.18,315.99,319.02
1963,11,23330,1963.874,317.07,318.97,317.34,319.23,317.07,318.97
1963,12,23360,1963.9562,318.35,319.13,318.51,319.27,318.35,319.13
1964,1,23391,1964.041,319.57,319.53,319.37,319.32,319.57,319.53
1964,2,23422,1964.1257,-99.99,-99.99,320.02,319.37,320.02,319.37
1964,3,23451,1964.2049,-99.99,-99.99,320.75,319.41,320.75,319.41
1964,4,23482,1964.2896,-99.99,-99.99,321.84,319.45,321.84,319.45
1964,5,23512,1964.3716,322.25,319.39,322.35,319.49,322.25,319.39
1964,6,23543,1964.4563,321.89,319.75,321.65,319.53,321.89,319.75
1964,7,23573,1964.5383,320.44,319.78,320.19,319.56,320.44,319.78
1964,8,23604,1964.623,318.69,320.01,318.23,319.58,318.69,320.01
1964,9,23635,1964.7077,316.71,319.66,316.63,319.6,316.71,319.66
1964,10,23665,1964.7896,316.87,319.92,316.59,319.62,316.87,319.92
1964,11,23696,1964.8743,317.68,319.59,317.75,319.64,317.68,319.59
1964,12,23726,1964.9563,318.71,319.49,318.89,319.66,318.71,319.49
1965,1,23757,1965.0411,319.44,319.4,319.74,319.68,319.44,319.4
1965,2,23788,1965.126,320.44,319.8,320.38,319.72,320.44,319.8
1965,3,23816,1965.2027,320.89,319.59,321.09,319.77,320.89,319.59
1965,4,23847,1965.2877,322.14,319.78,322.2,319.83,322.14,319.78
1965,5,23877,1965.3699,322.17,319.3,322.78,319.91,322.17,319.3
1965,6,23908,1965.4548,321.87,319.7,322.15,320,321.87,319.7
1965,7,23938,1965.537,321.21,320.52,320.76,320.1,321.21,320.52
1965,8,23969,1965.6219,318.87,320.16,318.88,320.21,318.87,320.16
1965,9,24000,1965.7068,317.82,320.77,317.35,320.32,317.82,320.77
1965,10,24030,1965.789,317.3,320.36,317.38,320.43,317.3,320.36
1965,11,24061,1965.874,318.87,320.78,318.65,320.55,318.87,320.78
1965,12,24091,1965.9562,319.42,320.2,319.9,320.66,319.42,320.2
1966,1,24122,1966.0411,320.62,320.58,320.84,320.78,320.62,320.58
1966,2,24153,1966.126,321.6,320.95,321.56,320.9,321.6,320.95
1966,3,24181,1966.2027,322.39,321.08,322.33,321.01,322.39,321.08
1966,4,24212,1966.2877,323.7,321.34,323.5,321.12,323.7,321.34
1966,5,24242,1966.3699,324.08,321.2,324.1,321.22,324.08,321.2
1966,6,24273,1966.4548,323.75,321.57,323.48,321.32,323.75,321.57
1966,7,24303,1966.537,322.38,321.69,322.06,321.4,322.38,321.69
1966,8,24334,1966.6219,320.36,321.66,320.15,321.48,320.36,321.66
1966,9,24365,1966.7068,318.64,321.6,318.57,321.55,318.64,321.6
1966,10,24395,1966.789,318.1,321.18,318.56,321.62,318.1,321.18
1966,11,24426,1966.874,319.78,321.71,319.78,321.68,319.78,321.71
1966,12,24456,1966.9562,321.03,321.81,320.97,321.74,321.03,321.81
1967,1,24487,1967.0411,322.33,322.29,321.86,321.8,322.33,322.29
1967,2,24518,1967.126,322.5,321.85,322.52,321.86,322.5,321.85
1967,3,24546,1967.2027,323.03,321.72,323.23,321.9,323.03,321.72
1967,4,24577,1967.2877,324.42,322.05,324.35,321.96,324.42,322.05
1967,5,24607,1967.3699,325,322.11,324.9,322.01,325,322.11
1967,6,24638,1967.4548,324.09,321.9,324.24,322.07,324.09,321.9
1967,7,24668,1967.537,322.54,321.85,322.8,322.14,322.54,321.85
1967,8,24699,1967.6219,320.92,322.22,320.86,322.2,320.92,322.22
1967,9,24730,1967.7068,319.25,322.23,319.28,322.27,319.25,322.23
1967,10,24760,1967.789,319.39,322.47,319.28,322.35,319.39,322.47
1967,11,24791,1967.874,320.73,322.66,320.51,322.42,320.73,322.66
1967,12,24821,1967.9562,321.96,322.75,321.72,322.49,321.96,322.75
1968,1,24852,1968.041,322.57,322.52,322.63,322.57,322.57,322.52
1968,2,24883,1968.1257,323.15,322.5,323.31,322.65,323.15,322.5
1968,3,24912,1968.2049,323.89,322.55,324.09,322.73,323.89,322.55
1968,4,24943,1968.2896,325.02,322.62,325.24,322.83,325.02,322.62
1968,5,24973,1968.3716,325.57,322.67,325.82,322.92,325.57,322.67
1968,6,25004,1968.4563,325.36,323.18,325.18,323.03,325.36,323.18
1968,7,25034,1968.5383,324.14,323.47,323.78,323.14,324.14,323.47
1968,8,25065,1968.623,322.11,323.44,321.88,323.25,322.11,323.44
1968,9,25096,1968.7077,320.33,323.32,320.36,323.37,320.33,323.32
1968,10,25126,1968.7896,320.25,323.33,320.41,323.49,320.25,323.33
1968,11,25157,1968.8743,321.32,323.26,321.7,323.62,321.32,323.26
1968,12,25187,1968.9563,322.89,323.69,322.97,323.75,322.89,323.69
1969,1,25218,1969.0411,324,323.96,323.94,323.89,324,323.96
1969,2,25249,1969.126,324.42,323.76,324.69,324.03,324.42,323.76
1969,3,25277,1969.2027,325.63,324.31,325.5,324.16,325.63,324.31
1969,4,25308,1969.2877,326.66,324.28,326.71,324.3,326.66,324.28
1969,5,25338,1969.3699,327.38,324.47,327.35,324.44,327.38,324.47
1969,6,25369,1969.4548,326.71,324.51,326.75,324.57,326.71,324.51
1969,7,25399,1969.537,325.88,325.19,325.36,324.69,325.88,325.19
1969,8,25430,1969.6219,323.66,324.98,323.45,324.8,323.66,324.98
1969,9,25461,1969.7068,322.38,325.37,321.89,324.9,322.38,325.37
1969,10,25491,1969.789,321.78,324.88,321.9,324.99,321.78,324.88
1969,11,25522,1969.874,322.85,324.8,323.16,325.08,322.85,324.8
1969,12,25552,1969.9562,324.12,324.91,324.38,325.16,324.12,324.91
1970,1,25583,1970.0411,325.06,325.02,325.3,325.24,325.06,325.02
1970,2,25614,1970.126,325.98,325.33,325.99,325.32,325.98,325.33
1970,3,25642,1970.2027,326.93,325.6,326.74,325.4,326.93,325.6
1970,4,25673,1970.2877,328.13,325.74,327.89,325.48,328.13,325.74
1970,5,25703,1970.3699,328.08,325.16,328.47,325.55,328.08,325.16
1970,6,25734,1970.4548,327.67,325.46,327.82,325.63,327.67,325.46
1970,7,25764,1970.537,326.34,325.64,326.37,325.7,326.34,325.64
1970,8,25795,1970.6219,324.69,326,324.42,325.77,324.69,326
1970,9,25826,1970.7068,323.1,326.1,322.81,325.83,323.1,326.1
1970,10,25856,1970.789,323.06,326.18,322.78,325.89,323.06,326.18
1970,11,25887,1970.874,324.01,325.96,324,325.93,324.01,325.96
1970,12,25917,1970.9562,325.13,325.93,325.19,325.97,325.13,325.93
1971,1,25948,1971.0411,326.17,326.13,326.06,326.01,326.17,326.13
1971,2,25979,1971.126,326.68,326.02,326.72,326.05,326.68,326.02
1971,3,26007,1971.2027,327.18,325.85,327.43,326.09,327.18,325.85
1971,4,26038,1971.2877,327.79,325.38,328.55,326.14,327.79,325.38
1971,5,26068,1971.3699,328.93,326,329.12,326.19,328.93,326
1971,6,26099,1971.4548,328.57,326.36,328.46,326.26,328.57,326.36
1971,7,26129,1971.537,327.36,326.66,327,326.33,327.36,326.66
1971,8,26160,1971.6219,325.43,326.75,325.05,326.4,325.43,326.75
1971,9,26191,1971.7068,323.36,326.37,323.44,326.47,323.36,326.37
1971,10,26221,1971.789,323.56,326.69,323.43,326.54,323.56,326.69
1971,11,26252,1971.874,324.8,326.75,324.69,326.62,324.8,326.75
1971,12,26282,1971.9562,326.01,326.81,325.91,326.7,326.01,326.81
1972,1,26313,1972.041,326.77,326.73,326.84,326.78,326.77,326.73
1972,2,26344,1972.1257,327.63,326.97,327.55,326.88,327.63,326.97
1972,3,26373,1972.2049,327.75,326.39,328.35,326.98,327.75,326.39
1972,4,26404,1972.2896,329.72,327.29,329.55,327.1,329.72,327.29
1972,5,26434,1972.3716,330.07,327.13,330.16,327.23,330.07,327.13
1972,6,26465,1972.4563,329.09,326.88,329.56,327.38,329.09,326.88
1972,7,26495,1972.5383,328.04,327.37,328.18,327.54,328.04,327.37
1972,8,26526,1972.623,326.32,327.67,326.33,327.72,326.32,327.67
1972,9,26557,1972.7077,324.84,327.87,324.86,327.91,324.84,327.87
1972,10,26587,1972.7896,325.2,328.33,324.99,328.1,325.2,328.33
1972,11,26618,1972.8743,326.5,328.46,326.37,328.31,326.5,328.46
1972,12,26648,1972.9563,327.55,328.36,327.72,328.51,327.55,328.36
1973,1,26679,1973.0411,328.55,328.5,328.77,328.72,328.55,328.5
1973,2,26710,1973.126,329.56,328.9,329.6,328.93,329.56,328.9
1973,3,26738,1973.2027,330.3,328.96,330.46,329.11,330.3,328.96
1973,4,26769,1973.2877,331.5,329.09,331.74,329.3,331.5,329.09
1973,5,26799,1973.3699,332.48,329.53,332.43,329.48,332.48,329.53
1973,6,26830,1973.4548,332.07,329.84,331.85,329.64,332.07,329.84
1973,7,26860,1973.537,330.87,330.17,330.45,329.77,330.87,330.17
1973,8,26891,1973.6219,329.31,330.64,328.52,329.88,329.31,330.64
1973,9,26922,1973.7068,327.52,330.55,326.91,329.96,327.52,330.55
1973,10,26952,1973.789,327.19,330.33,326.88,330.02,327.19,330.33
1973,11,26983,1973.874,328.17,330.13,328.1,330.05,328.17,330.13
1973,12,27013,1973.9562,328.65,329.45,329.28,330.07,328.65,329.45
1974,1,27044,1974.0411,329.36,329.31,330.15,330.1,329.36,329.31
1974,2,27075,1974.126,330.71,330.05,330.8,330.12,330.71,330.05
1974,3,27103,1974.2027,331.49,330.14,331.51,330.15,331.49,330.14
1974,4,27134,1974.2877,332.65,330.23,332.63,330.19,332.65,330.23
1974,5,27164,1974.3699,333.1,330.14,333.18,330.22,333.1,330.14
1974,6,27195,1974.4548,332.26,330.02,332.49,330.27,332.26,330.02
1974,7,27225,1974.537,331.18,330.48,331,330.32,331.18,330.48
1974,8,27256,1974.6219,329.4,330.74,329,330.37,329.4,330.74
1974,9,27287,1974.7068,327.44,330.49,327.36,330.42,327.44,330.49
1974,10,27317,1974.789,327.38,330.54,327.33,330.47,327.38,330.54
1974,11,27348,1974.874,328.46,330.44,328.57,330.53,328.46,330.44
1974,12,27378,1974.9562,329.58,330.39,329.8,330.59,329.58,330.39
1975,1,27409,1975.0411,330.41,330.36,330.72,330.66,330.41,330.36
1975,2,27440,1975.126,331.41,330.74,331.42,330.74,331.41,330.74
1975,3,27468,1975.2027,332.05,330.7,332.19,330.83,332.05,330.7
1975,4,27499,1975.2877,333.32,330.88,333.37,330.92,333.32,330.88
1975,5,27529,1975.3699,333.98,331.01,333.98,331.01,333.98,331.01
1975,6,27560,1975.4548,333.61,331.37,333.34,331.11,333.61,331.37
1975,7,27590,1975.537,331.91,331.2,331.89,331.21,331.91,331.2
1975,8,27621,1975.6219,330.06,331.41,329.93,331.3,330.06,331.41
1975,9,27652,1975.7068,328.57,331.62,328.33,331.4,328.57,331.62
1975,10,27682,1975.789,328.35,331.51,328.33,331.48,328.35,331.51
1975,11,27713,1975.874,329.5,331.48,329.61,331.57,329.5,331.48
1975,12,27743,1975.9562,330.77,331.58,330.85,331.65,330.77,331.58
1976,1,27774,1976.041,331.76,331.71,331.78,331.73,331.76,331.71
1976,2,27805,1976.1257,332.58,331.91,332.49,331.81,332.58,331.91
1976,3,27834,1976.2049,333.5,332.13,333.27,331.88,333.5,332.13
1976,4,27865,1976.2896,334.59,332.13,334.44,331.96,334.59,332.13
1976,5,27895,1976.3716,334.89,331.91,335.01,332.04,334.89,331.91
1976,6,27926,1976.4563,334.34,332.11,334.33,332.12,334.34,332.11
1976,7,27956,1976.5383,333.06,332.38,332.86,332.2,333.06,332.38
1976,8,27987,1976.623,330.95,332.32,330.89,332.3,330.95,332.32
1976,9,28018,1976.7077,329.31,332.39,329.31,332.4,329.31,332.39
1976,10,28048,1976.7896,328.95,332.12,329.35,332.51,328.95,332.12
1976,11,28079,1976.8743,330.32,332.3,330.68,332.64,330.32,332.3
1976,12,28109,1976.9563,331.69,332.51,331.99,332.78,331.69,332.51
1977,1,28140,1977.0411,332.94,332.89,333,332.94,332.94,332.89
1977,2,28171,1977.126,333.43,332.76,333.8,333.12,333.43,332.76
1977,3,28199,1977.2027,334.71,333.35,334.65,333.28,334.71,333.35
1977,4,28230,1977.2877,336.08,333.63,335.93,333.47,336.08,333.63
1977,5,28260,1977.3699,336.76,333.77,336.63,333.65,336.76,333.77
1977,6,28291,1977.4548,336.28,334.02,336.07,333.83,336.28,334.02
1977,7,28321,1977.537,334.93,334.21,334.68,334,334.93,334.21
1977,8,28352,1977.6219,332.76,334.11,332.78,334.16,332.76,334.11
1977,9,28383,1977.7068,331.6,334.68,331.23,334.32,331.6,334.68
1977,10,28413,1977.789,331.17,334.36,331.29,334.47,331.17,334.36
1977,11,28444,1977.874,332.41,334.41,332.64,334.61,332.41,334.41
1977,12,28474,1977.9562,333.86,334.67,333.95,334.75,333.86,334.67
1978,1,28505,1978.0411,334.98,334.93,334.94,334.89,334.98,334.93
1978,2,28536,1978.126,335.4,334.72,335.7,335.02,335.4,334.72
1978,3,28564,1978.2027,336.65,335.29,336.52,335.14,336.65,335.29
1978,4,28595,1978.2877,337.77,335.31,337.74,335.26,337.77,335.31
1978,5,28625,1978.3699,338.02,335.02,338.38,335.38,338.02,335.02
1978,6,28656,1978.4548,337.91,335.64,337.75,335.5,337.91,335.64
1978,7,28686,1978.537,336.55,335.83,336.29,335.61,336.55,335.83
1978,8,28717,1978.6219,334.69,336.05,334.32,335.71,334.69,336.05
1978,9,28748,1978.7068,332.77,335.85,332.71,335.81,332.77,335.85
1978,10,28778,1978.789,332.56,335.75,332.72,335.9,332.56,335.75
1978,11,28809,1978.874,333.93,335.93,334.02,336,333.93,335.93
1978,12,28839,1978.9562,334.96,335.78,335.29,336.09,334.96,335.78
1979,1,28870,1979.0411,336.24,336.19,336.26,336.2,336.24,336.19
1979,2,28901,1979.126,336.77,336.09,337,336.32,336.77,336.09
1979,3,28929,1979.2027,337.97,336.61,337.81,336.42,337.97,336.61
1979,4,28960,1979.2877,338.89,336.43,339.03,336.55,338.89,336.43
1979,5,28990,1979.3699,339.48,336.48,339.68,336.68,339.48,336.48
1979,6,29021,1979.4548,339.3,337.02,339.07,336.81,339.3,337.02
1979,7,29051,1979.537,337.74,337.02,337.64,336.95,337.74,337.02
1979,8,29082,1979.6219,336.1,337.46,335.7,337.09,336.1,337.46
1979,9,29113,1979.7068,333.93,337.02,334.12,337.23,333.93,337.02
1979,10,29143,1979.789,333.87,337.08,334.19,337.38,333.87,337.08
1979,11,29174,1979.874,335.3,337.31,335.55,337.54,335.3,337.31
1979,12,29204,1979.9562,336.74,337.56,336.89,337.69,336.74,337.56
1980,1,29235,1980.041,338.03,337.99,337.92,337.86,338.03,337.99
1980,2,29266,1980.1257,338.37,337.69,338.72,338.03,338.37,337.69
1980,3,29295,1980.2049,340.09,338.69,339.6,338.19,340.09,338.69
1980,4,29326,1980.2896,340.78,338.28,340.86,338.35,340.78,338.28
1980,5,29356,1980.3716,341.48,338.47,341.51,338.5,341.48,338.47
1980,6,29387,1980.4563,341.18,338.92,340.89,338.65,341.18,338.92
1980,7,29417,1980.5383,339.57,338.88,339.44,338.78,339.57,338.88
1980,8,29448,1980.623,337.61,339,337.49,338.91,337.61,339
1980,9,29479,1980.7077,335.9,339.01,335.9,339.04,335.9,339.01
1980,10,29509,1980.7896,336.03,339.24,335.95,339.15,336.03,339.24
1980,11,29540,1980.8743,337.12,339.13,337.27,339.26,337.12,339.13
1980,12,29570,1980.9563,338.23,339.06,338.55,339.36,338.23,339.06
1981,1,29601,1981.0411,339.25,339.2,339.52,339.46,339.25,339.2
1981,2,29632,1981.126,340.5,339.81,340.26,339.56,340.5,339.81
1981,3,29660,1981.2027,341.4,340.03,341.04,339.65,341.4,340.03
1981,4,29691,1981.2877,342.52,340.04,342.24,339.74,342.52,340.04
1981,5,29721,1981.3699,342.93,339.9,342.85,339.83,342.93,339.9
1981,6,29752,1981.4548,342.27,339.98,342.18,339.91,342.27,339.98
1981,7,29782,1981.537,340.51,339.78,340.69,340,340.51,339.78
1981,8,29813,1981.6219,338.45,339.82,338.68,340.09,338.45,339.82
1981,9,29844,1981.7068,336.71,339.83,337.05,340.18,336.71,339.83
1981,10,29874,1981.789,336.88,340.1,337.07,340.28,336.88,340.1
1981,11,29905,1981.874,338.38,340.4,338.39,340.39,338.38,340.4
1981,12,29935,1981.9562,339.63,340.46,339.69,340.5,339.63,340.46
1982,1,29966,1982.0411,340.77,340.73,340.67,340.61,340.77,340.73
1982,2,29997,1982.126,341.63,340.95,341.41,340.72,341.63,340.95
1982,3,30025,1982.2027,342.72,341.34,342.2,340.81,342.72,341.34
1982,4,30056,1982.2877,343.59,341.1,343.41,340.9,343.59,341.1
1982,5,30086,1982.3699,344.16,341.12,344.02,340.98,344.16,341.12
1982,6,30117,1982.4548,343.37,341.07,343.34,341.06,343.37,341.07
1982,7,30147,1982.537,342.07,341.35,341.83,341.14,342.07,341.35
1982,8,30178,1982.6219,339.83,341.2,339.81,341.22,339.83,341.2
1982,9,30209,1982.7068,338,341.12,338.16,341.3,338,341.12
1982,10,30239,1982.789,337.88,341.12,338.17,341.4,337.88,341.12
1982,11,30270,1982.874,339.28,341.31,339.51,341.51,339.28,341.31
1982,12,30300,1982.9562,340.51,341.34,340.83,341.64,340.51,341.34
1983,1,30331,1983.0411,341.4,341.35,341.85,341.79,341.4,341.35
1983,2,30362,1983.126,342.54,341.86,342.66,341.97,342.54,341.86
1983,3,30390,1983.2027,343.12,341.73,343.53,342.13,343.12,341.73
1983,4,30421,1983.2877,344.96,342.46,344.84,342.33,344.96,342.46
1983,5,30451,1983.3699,345.78,342.73,345.56,342.52,345.78,342.73
1983,6,30482,1983.4548,345.34,343.03,344.99,342.71,345.34,343.03
1983,7,30512,1983.537,344,343.27,343.59,342.89,344,343.27
1983,8,30543,1983.6219,342.4,343.78,341.65,343.06,342.4,343.78
1983,9,30574,1983.7068,339.88,343.02,340.08,343.23,339.88,343.02
1983,10,30604,1983.789,340,343.25,340.14,343.38,340,343.25
1983,11,30635,1983.874,341.16,343.19,341.52,343.53,341.16,343.19
1983,12,30665,1983.9562,342.99,343.82,342.86,343.67,342.99,343.82
1984,1,30696,1984.041,343.82,343.77,343.87,343.82,343.82,343.77
1984,2,30727,1984.1257,344.62,343.94,344.65,343.96,344.62,343.94
1984,3,30756,1984.2049,345.39,343.97,345.51,344.08,345.39,343.97
1984,4,30787,1984.2896,347.15,344.62,346.76,344.21,347.15,344.62
1984,5,30817,1984.3716,347.52,344.47,347.39,344.34,347.52,344.47
1984,6,30848,1984.4563,346.88,344.59,346.73,344.46,346.88,344.59
1984,7,30878,1984.5383,345.47,344.76,345.24,344.57,345.47,344.76
1984,8,30909,1984.623,343.34,344.75,343.24,344.68,343.34,344.75
1984,9,30940,1984.7077,341.13,344.29,341.63,344.8,341.13,344.29
1984,10,30970,1984.7896,341.4,344.65,341.67,344.91,341.4,344.65
1984,11,31001,1984.8743,343.02,345.06,343.02,345.03,343.02,345.06
1984,12,31031,1984.9563,344.25,345.08,344.34,345.15,344.25,345.08
1985,1,31062,1985.0411,344.99,344.95,345.34,345.28,344.99,344.95
1985,2,31093,1985.126,346.01,345.32,346.11,345.4,346.01,345.32
1985,3,31121,1985.2027,347.43,346.04,346.92,345.51,347.43,346.04
1985,4,31152,1985.2877,348.34,345.83,348.16,345.63,348.34,345.83
1985,5,31182,1985.3699,348.92,345.86,348.79,345.73,348.92,345.86
1985,6,31213,1985.4548,348.24,345.92,348.12,345.82,348.24,345.92
1985,7,31243,1985.537,346.53,345.8,346.62,345.91,346.53,345.8
1985,8,31274,1985.6219,344.64,346.03,344.58,346,344.64,346.03
1985,9,31305,1985.7068,343.06,346.21,342.91,346.08,343.06,346.21
1985,10,31335,1985.789,342.77,346.04,342.91,346.17,342.77,346.04
1985,11,31366,1985.874,344.21,346.26,344.23,346.26,344.21,346.26
1985,12,31396,1985.9562,345.53,346.37,345.53,346.35,345.53,346.37
1986,1,31427,1986.0411,346.28,346.23,346.51,346.45,346.28,346.23
1986,2,31458,1986.126,346.93,346.24,347.26,346.56,346.93,346.24
1986,3,31486,1986.2027,347.83,346.43,348.08,346.67,347.83,346.43
1986,4,31517,1986.2877,349.53,347.01,349.33,346.79,349.53,347.01
1986,5,31547,1986.3699,350.19,347.12,349.99,346.92,350.19,347.12
1986,6,31578,1986.4548,349.53,347.2,349.35,347.05,349.53,347.2
1986,7,31608,1986.537,347.92,347.18,347.88,347.17,347.92,347.18
1986,8,31639,1986.6219,345.88,347.27,345.88,347.3,345.88,347.27
1986,9,31670,1986.7068,344.83,348,344.25,347.43,344.83,348
1986,10,31700,1986.789,344.15,347.43,344.29,347.55,344.15,347.43
1986,11,31731,1986.874,345.64,347.69,345.65,347.69,345.64,347.69
1986,12,31761,1986.9562,346.88,347.72,346.99,347.82,346.88,347.72
1987,1,31792,1987.0411,348,347.95,348.02,347.96,348,347.95
1987,2,31823,1987.126,348.47,347.77,348.82,348.11,348.47,347.77
1987,3,31851,1987.2027,349.4,348,349.68,348.26,349.4,348
1987,4,31882,1987.2877,350.97,348.44,350.98,348.44,350.97,348.44
1987,5,31912,1987.3699,351.84,348.75,351.69,348.61,351.84,348.75
1987,6,31943,1987.4548,351.25,348.91,351.11,348.8,351.25,348.91
1987,7,31973,1987.537,349.5,348.76,349.69,348.98,349.5,348.76
1987,8,32004,1987.6219,348.09,349.48,347.75,349.18,348.09,349.48
1987,9,32035,1987.7068,346.44,349.61,346.18,349.37,346.44,349.61
1987,10,32065,1987.789,346.09,349.38,346.29,349.56,346.09,349.38
1987,11,32096,1987.874,347.54,349.6,347.73,349.77,347.54,349.6
1987,12,32126,1987.9562,348.69,349.54,349.14,349.97,348.69,349.54
1988,1,32157,1988.041,350.16,350.12,350.23,350.17,350.16,350.12
1988,2,32188,1988.1257,351.47,350.77,351.09,350.38,351.47,350.77
1988,3,32217,1988.2049,351.96,350.52,352.02,350.58,351.96,350.52
1988,4,32248,1988.2896,353.33,350.77,353.36,350.78,353.33,350.77
1988,5,32278,1988.3716,353.97,350.88,354.06,350.97,353.97,350.88
1988,6,32309,1988.4563,353.55,351.23,353.45,351.15,353.55,351.23
1988,7,32339,1988.5383,352.14,351.43,352.01,351.33,352.14,351.43
1988,8,32370,1988.623,350.19,351.62,350.03,351.5,350.19,351.62
1988,9,32401,1988.7077,348.5,351.69,348.44,351.65,348.5,351.69
1988,10,32431,1988.7896,348.66,351.95,348.51,351.79,348.66,351.95
1988,11,32462,1988.8743,349.85,351.91,349.89,351.93,349.85,351.91
1988,12,32492,1988.9563,351.12,351.97,351.23,352.05,351.12,351.97
1989,1,32523,1989.0411,352.55,352.5,352.23,352.17,352.55,352.5
1989,2,32554,1989.126,352.86,352.16,352.99,352.28,352.86,352.16
1989,3,32582,1989.2027,353.48,352.07,353.81,352.38,353.48,352.07
1989,4,32613,1989.2877,355.22,352.67,355.05,352.49,355.22,352.67
1989,5,32643,1989.3699,355.47,352.37,355.69,352.59,355.47,352.37
1989,6,32674,1989.4548,354.92,352.57,355.02,352.69,354.92,352.57
1989,7,32704,1989.537,353.7,352.95,353.5,352.79,353.7,352.95
1989,8,32735,1989.6219,351.47,352.87,351.45,352.88,351.47,352.87
1989,9,32766,1989.7068,349.61,352.8,349.77,352.98,349.61,352.8
1989,10,32796,1989.789,349.79,353.1,349.78,353.08,349.79,353.1
1989,11,32827,1989.874,351.1,353.17,351.13,353.18,351.1,353.17
1989,12,32857,1989.9562,352.32,353.17,352.45,353.28,352.32,353.17
1990,1,32888,1990.0411,353.46,353.42,353.44,353.38,353.46,353.42
1990,2,32919,1990.126,354.5,353.8,354.2,353.48,354.5,353.8
1990,3,32947,1990.2027,355.19,353.77,355.01,353.58,355.19,353.77
1990,4,32978,1990.2877,356,353.45,356.25,353.68,356,353.45
1990,5,33008,1990.3699,356.96,353.85,356.9,353.79,356.96,353.85
1990,6,33039,1990.4548,356.04,353.68,356.24,353.9,356.04,353.68
1990,7,33069,1990.537,354.62,353.88,354.73,354.02,354.62,353.88
1990,8,33100,1990.6219,352.71,354.12,352.71,354.15,352.71,354.12
1990,9,33131,1990.7068,350.77,353.98,351.07,354.29,350.77,353.98
1990,10,33161,1990.789,350.99,354.31,351.13,354.43,350.99,354.31
1990,11,33192,1990.874,352.64,354.72,352.53,354.59,352.64,354.72
1990,12,33222,1990.9562,354.02,354.87,353.9,354.73,354.02,354.87
1991,1,33253,1991.0411,354.53,354.48,354.94,354.88,354.53,354.48
1991,2,33284,1991.126,355.55,354.85,355.73,355.02,355.55,354.85
1991,3,33312,1991.2027,356.96,355.54,356.57,355.14,356.96,355.54
1991,4,33343,1991.2877,358.4,355.84,357.83,355.25,358.4,355.84
1991,5,33373,1991.3699,359.14,356.01,358.47,355.35,359.14,356.01
1991,6,33404,1991.4548,358.04,355.68,357.77,355.42,358.04,355.68
1991,7,33434,1991.537,355.98,355.23,356.2,355.49,355.98,355.23
1991,8,33465,1991.6219,353.81,355.23,354.1,355.55,353.81,355.23
1991,9,33496,1991.7068,351.95,355.17,352.37,355.6,351.95,355.17
1991,10,33526,1991.789,352.02,355.35,352.34,355.66,352.02,355.35
1991,11,33557,1991.874,353.55,355.63,353.66,355.73,353.55,355.63
1991,12,33587,1991.9562,354.79,355.64,354.96,355.79,354.79,355.64
1992,1,33618,1992.041,355.79,355.74,355.92,355.86,355.79,355.74
1992,2,33649,1992.1257,356.52,355.82,356.65,355.93,356.52,355.82
1992,3,33678,1992.2049,357.61,356.16,357.46,356,357.61,356.16
1992,4,33709,1992.2896,358.95,356.36,358.67,356.06,358.95,356.36
1992,5,33739,1992.3716,359.46,356.33,359.24,356.11,359.46,356.33
1992,6,33770,1992.4563,359.05,356.7,358.49,356.16,359.05,356.7
1992,7,33800,1992.5383,356.82,356.1,356.88,356.2,356.82,356.1
1992,8,33831,1992.623,354.8,356.24,354.75,356.23,354.8,356.24
1992,9,33862,1992.7077,352.81,356.04,353.01,356.26,352.81,356.04
1992,10,33892,1992.7896,353.11,356.44,352.97,356.29,353.11,356.44
1992,11,33923,1992.8743,353.96,356.05,354.26,356.33,353.96,356.05
1992,12,33953,1992.9563,355.2,356.06,355.53,356.37,355.2,356.06
1993,1,33984,1993.0411,356.5,356.45,356.48,356.42,356.5,356.45
1993,2,34015,1993.126,356.97,356.26,357.2,356.48,356.97,356.26
1993,3,34043,1993.2027,358.18,356.75,357.99,356.55,358.18,356.75
1993,4,34074,1993.2877,359.26,356.68,359.22,356.62,359.26,356.68
1993,5,34104,1993.3699,360.08,356.94,359.85,356.7,360.08,356.94
1993,6,34135,1993.4548,359.4,357.02,359.16,356.8,359.4,357.02
1993,7,34165,1993.537,357.38,356.62,357.62,356.9,357.38,356.62
1993,8,34196,1993.6219,355.33,356.75,355.55,357.01,355.33,356.75
1993,9,34227,1993.7068,353.5,356.74,353.89,357.14,353.5,356.74
1993,10,34257,1993.789,353.8,357.15,353.94,357.28,353.8,357.15
1993,11,34288,1993.874,355.15,357.25,355.35,357.43,355.15,357.25
1993,12,34318,1993.9562,356.62,357.48,356.75,357.59,356.62,357.48
1994,1,34349,1994.0411,358.19,358.14,357.82,357.76,358.19,358.14
1994,2,34380,1994.126,358.73,358.02,358.65,357.93,358.73,358.02
1994,3,34408,1994.2027,359.79,358.36,359.53,358.08,359.79,358.36
1994,4,34439,1994.2877,361.09,358.5,360.86,358.25,361.09,358.5
1994,5,34469,1994.3699,361.52,358.36,361.57,358.42,361.52,358.36
1994,6,34500,1994.4548,360.77,358.39,360.95,358.59,360.77,358.39
1994,7,34530,1994.537,359.38,358.62,359.47,358.75,359.38,358.62
1994,8,34561,1994.6219,357.31,358.73,357.46,358.93,357.31,358.73
1994,9,34592,1994.7068,355.68,358.92,355.84,359.11,355.68,358.92
1994,10,34622,1994.789,355.83,359.19,355.93,359.28,355.83,359.19
1994,11,34653,1994.874,357.42,359.53,357.38,359.47,357.42,359.53
1994,12,34683,1994.9562,358.88,359.74,358.8,359.65,358.88,359.74
1995,1,34714,1995.0411,359.81,359.76,359.89,359.83,359.81,359.76
1995,2,34745,1995.126,360.84,360.13,360.74,360.02,360.84,360.13
1995,3,34773,1995.2027,361.48,360.05,361.63,360.18,361.48,360.05
1995,4,34804,1995.2877,363.3,360.71,362.96,360.35,363.3,360.71
1995,5,34834,1995.3699,363.65,360.48,363.68,360.52,363.65,360.48
1995,6,34865,1995.4548,363.11,360.72,363.06,360.68,363.11,360.72
1995,7,34895,1995.537,361.75,360.99,361.57,360.84,361.75,360.99
1995,8,34926,1995.6219,359.31,360.74,359.54,361.01,359.31,360.74
1995,9,34957,1995.7068,357.91,361.17,357.9,361.17,357.91,361.17
1995,10,34987,1995.789,357.62,360.99,357.97,361.33,357.62,360.99
1995,11,35018,1995.874,359.42,361.54,359.4,361.49,359.42,361.54
1995,12,35048,1995.9562,360.56,361.42,360.8,361.64,360.56,361.42
1996,1,35079,1996.041,361.91,361.86,361.86,361.8,361.91,361.86
1996,2,35110,1996.1257,363.11,362.39,362.67,361.95,363.11,362.39
1996,3,35139,1996.2049,363.88,362.42,363.56,362.08,363.88,362.42
1996,4,35170,1996.2896,364.58,361.96,364.85,362.2,364.58,361.96
1996,5,35200,1996.3716,365.29,362.11,365.49,362.32,365.29,362.11
1996,6,35231,1996.4563,364.84,362.46,364.78,362.43,364.84,362.46
1996,7,35261,1996.5383,363.52,362.79,363.22,362.53,363.52,362.79
1996,8,35292,1996.623,361.35,362.81,361.12,362.62,361.35,362.81
1996,9,35323,1996.7077,359.32,362.59,359.42,362.71,359.32,362.59
1996,10,35353,1996.7896,359.48,362.85,359.42,362.79,359.48,362.85
1996,11,35384,1996.8743,360.64,362.75,360.78,362.87,360.64,362.75
1996,12,35414,1996.9563,362.21,363.07,362.1,362.94,362.21,363.07
1997,1,35445,1997.0411,363.06,363.02,363.09,363.03,363.06,363.02
1997,2,35476,1997.126,363.87,363.16,363.84,363.12,363.87,363.16
1997,3,35504,1997.2027,364.44,363,364.66,363.2,364.44,363
1997,4,35535,1997.2877,366.23,363.62,365.94,363.31,366.23,363.62
1997,5,35565,1997.3699,366.68,363.5,366.61,363.42,366.68,363.5
1997,6,35596,1997.4548,365.52,363.11,365.95,363.56,365.52,363.11
1997,7,35626,1997.537,364.36,363.6,364.44,363.71,364.36,363.6
1997,8,35657,1997.6219,362.39,363.83,362.41,363.89,362.39,363.83
1997,9,35688,1997.7068,360.08,363.35,360.8,364.09,360.08,363.35
1997,10,35718,1997.789,360.67,364.06,360.93,364.31,360.67,364.06
1997,11,35749,1997.874,362.32,364.45,362.45,364.55,362.32,364.45
1997,12,35779,1997.9562,364.17,365.04,363.95,364.8,364.17,365.04
1998,1,35810,1998.0411,365.22,365.17,365.13,365.07,365.22,365.17
1998,2,35841,1998.126,366.04,365.32,366.08,365.35,366.04,365.32
1998,3,35869,1998.2027,367.2,365.75,367.07,365.6,367.2,365.75
1998,4,35900,1998.2877,368.5,365.89,368.51,365.87,368.5,365.89
1998,5,35930,1998.3699,369.19,366,369.33,366.14,369.19,366
1998,6,35961,1998.4548,368.77,366.35,368.8,366.4,368.77,366.35
1998,7,35991,1998.537,367.53,366.76,367.38,366.64,367.53,366.76
1998,8,36022,1998.6219,365.68,367.12,365.4,366.88,365.68,367.12
1998,9,36053,1998.7068,363.8,367.09,363.8,367.1,363.8,367.09
1998,10,36083,1998.789,364.13,367.54,363.9,367.29,364.13,367.54
1998,11,36114,1998.874,365.36,367.49,365.36,367.47,365.36,367.49
1998,12,36144,1998.9562,366.87,367.74,366.76,367.62,366.87,367.74
1999,1,36175,1999.0411,368.05,368,367.81,367.75,368.05,368
1999,2,36206,1999.126,368.77,368.05,368.6,367.86,368.77,368.05
1999,3,36234,1999.2027,369.49,368.03,369.42,367.95,369.49,368.03
1999,4,36265,1999.2877,371.04,368.41,370.68,368.03,371.04,368.41
1999,5,36295,1999.3699,370.9,367.7,371.3,368.1,370.9,367.7
1999,6,36326,1999.4548,370.25,367.83,370.57,368.17,370.25,367.83
1999,7,36356,1999.537,369.17,368.4,368.97,368.24,369.17,368.4
1999,8,36387,1999.6219,366.83,368.28,366.83,368.31,366.83,368.28
1999,9,36418,1999.7068,364.54,367.83,365.07,368.39,364.54,367.83
1999,10,36448,1999.789,365.04,368.45,365.07,368.47,365.04,368.45
1999,11,36479,1999.874,366.58,368.72,366.44,368.55,366.58,368.72
1999,12,36509,1999.9562,367.92,368.79,367.78,368.64,367.92,368.79
2000,1,36540,2000.041,369.05,369,368.79,368.73,369.05,369
2000,2,36571,2000.1257,369.37,368.65,369.56,368.82,369.37,368.65
2000,3,36600,2000.2049,370.42,368.94,370.42,368.92,370.42,368.94
2000,4,36631,2000.2896,371.57,368.91,371.71,369.03,371.57,368.91
2000,5,36661,2000.3716,371.74,368.53,372.35,369.15,371.74,368.53
2000,6,36692,2000.4563,371.6,369.19,371.66,369.28,371.6,369.19
2000,7,36722,2000.5383,370.02,369.29,370.12,369.41,370.02,369.29
2000,8,36753,2000.623,368.03,369.51,368.04,369.56,368.03,369.51
2000,9,36784,2000.7077,366.53,369.85,366.37,369.7,366.53,369.85
2000,10,36814,2000.7896,366.64,370.06,366.44,369.85,366.64,370.06
2000,11,36845,2000.8743,368.2,370.34,367.87,369.99,368.2,370.34
2000,12,36875,2000.9563,369.44,370.31,369.26,370.12,369.44,370.31
2001,1,36906,2001.0411,370.2,370.15,370.31,370.24,370.2,370.15
2001,2,36937,2001.126,371.41,370.69,371.1,370.37,371.41,370.69
2001,3,36965,2001.2027,372.04,370.57,371.95,370.47,372.04,370.57
2001,4,36996,2001.2877,372.78,370.14,373.25,370.59,372.78,370.14
2001,5,37026,2001.3699,373.94,370.72,373.93,370.71,373.94,370.72
2001,6,37057,2001.4548,373.23,370.79,373.26,370.84,373.23,370.79
2001,7,37087,2001.537,371.54,370.76,371.71,370.98,371.54,370.76
2001,8,37118,2001.6219,369.47,370.93,369.63,371.12,369.47,370.93
2001,9,37149,2001.7068,367.88,371.19,367.94,371.28,367.88,371.19
2001,10,37179,2001.789,368.01,371.45,368.01,371.43,368.01,371.45
2001,11,37210,2001.874,369.6,371.75,369.47,371.59,369.6,371.75
2001,12,37240,2001.9562,371.16,372.04,370.9,371.76,371.16,372.04
2002,1,37271,2002.0411,372.36,372.31,371.99,371.93,372.36,372.31
2002,2,37302,2002.126,373,372.28,372.84,372.1,373,372.28
2002,3,37330,2002.2027,373.44,371.97,373.75,372.26,373.44,371.97
2002,4,37361,2002.2877,374.77,372.13,375.12,372.45,374.77,372.13
2002,5,37391,2002.3699,375.48,372.25,375.87,372.64,375.48,372.25
2002,6,37422,2002.4548,375.33,372.89,375.28,372.85,375.33,372.89
2002,7,37452,2002.537,373.95,373.17,373.81,373.07,373.95,373.17
2002,8,37483,2002.6219,371.41,372.87,371.8,373.29,371.41,372.87
2002,9,37514,2002.7068,370.63,373.95,370.19,373.53,370.63,373.95
2002,10,37544,2002.789,370.18,373.62,370.33,373.76,370.18,373.62
2002,11,37575,2002.874,372.01,374.17,371.86,373.99,372.01,374.17
2002,12,37605,2002.9562,373.71,374.59,373.35,374.21,373.71,374.59
2003,1,37636,2003.0411,374.61,374.56,374.5,374.44,374.61,374.56
2003,2,37667,2003.126,375.55,374.82,375.4,374.66,375.55,374.82
2003,3,37695,2003.2027,376.04,374.57,376.34,374.85,376.04,374.57
2003,4,37726,2003.2877,377.58,374.92,377.74,375.06,377.58,374.92
2003,5,37756,2003.3699,378.28,375.04,378.51,375.27,378.28,375.04
2003,6,37787,2003.4548,378.07,375.62,377.9,375.47,378.07,375.62
2003,7,37817,2003.537,376.54,375.77,376.41,375.66,376.54,375.77
2003,8,37848,2003.6219,374.42,375.88,374.36,375.86,374.42,375.88
2003,9,37879,2003.7068,372.92,376.25,372.69,376.04,372.92,376.25
2003,10,37909,2003.789,372.94,376.39,372.76,376.2,372.94,376.39
2003,11,37940,2003.874,374.29,376.45,374.22,376.36,374.29,376.45
2003,12,37970,2003.9562,375.63,376.51,375.64,376.51,375.63,376.51
2004,1,38001,2004.041,376.73,376.68,376.71,376.65,376.73,376.68
2004,2,38032,2004.1257,377.31,376.58,377.52,376.78,377.31,376.58
2004,3,38061,2004.2049,378.33,376.83,378.42,376.9,378.33,376.83
2004,4,38092,2004.2896,380.44,377.75,379.73,377.02,380.44,377.75
2004,5,38122,2004.3716,380.56,377.31,380.38,377.14,380.56,377.31
2004,6,38153,2004.4563,379.49,377.06,379.67,377.25,379.49,377.06
2004,7,38183,2004.5383,377.71,376.96,378.09,377.38,377.71,376.96
2004,8,38214,2004.623,375.78,377.27,375.98,377.51,375.78,377.27
2004,9,38245,2004.7077,373.99,377.35,374.29,377.66,373.99,377.35
2004,10,38275,2004.7896,374.17,377.63,374.38,377.83,374.17,377.63
2004,11,38306,2004.8743,375.79,377.96,375.87,378.01,375.79,377.96
2004,12,38336,2004.9563,377.39,378.28,377.33,378.2,377.39,378.28
2005,1,38367,2005.0411,378.29,378.24,378.47,378.4,378.29,378.24
2005,2,38398,2005.126,379.56,378.82,379.36,378.62,379.56,378.82
2005,3,38426,2005.2027,380.06,378.58,380.31,378.82,380.06,378.58
2005,4,38457,2005.2877,382.02,379.34,381.73,379.04,382.02,379.34
2005,5,38487,2005.3699,382.21,378.95,382.51,379.25,382.21,378.95
2005,6,38518,2005.4548,382.05,379.58,381.92,379.48,382.05,379.58
2005,7,38548,2005.537,380.63,379.85,380.44,379.69,380.63,379.85
2005,8,38579,2005.6219,378.64,380.11,378.39,379.9,378.64,380.11
2005,9,38610,2005.7068,376.38,379.74,376.74,380.11,376.38,379.74
2005,10,38640,2005.789,376.77,380.24,376.85,380.31,376.77,380.24
2005,11,38671,2005.874,378.27,380.45,378.36,380.51,378.27,380.45
2005,12,38701,2005.9562,379.93,380.82,379.83,380.7,379.93,380.82
2006,1,38732,2006.0411,381.33,381.28,380.94,380.88,381.33,381.28
2006,2,38763,2006.126,381.98,381.25,381.8,381.05,381.98,381.25
2006,3,38791,2006.2027,382.53,381.04,382.7,381.2,382.53,381.04
2006,4,38822,2006.2877,384.33,381.65,384.06,381.36,384.33,381.65
2006,5,38852,2006.3699,384.89,381.62,384.77,381.5,384.89,381.62
2006,6,38883,2006.4548,383.99,381.52,384.1,381.65,383.99,381.52
2006,7,38913,2006.537,382.25,381.46,382.54,381.79,382.25,381.46
2006,8,38944,2006.6219,380.44,381.92,380.43,381.94,380.44,381.92
2006,9,38975,2006.7068,378.77,382.13,378.71,382.09,378.77,382.13
2006,10,39005,2006.789,379.03,382.51,378.76,382.24,379.03,382.51
2006,11,39036,2006.874,380.11,382.3,380.23,382.39,380.11,382.3
2006,12,39066,2006.9562,381.63,382.52,381.66,382.53,381.63,382.52
2007,1,39097,2007.0411,382.55,382.5,382.75,382.68,382.55,382.5
2007,2,39128,2007.126,383.68,382.94,383.59,382.84,383.68,382.94
2007,3,39156,2007.2027,384.31,382.82,384.49,382.98,384.31,382.82
2007,4,39187,2007.2877,386.2,383.51,385.85,383.14,386.2,383.51
2007,5,39217,2007.3699,386.38,383.1,386.58,383.3,386.38,383.1
2007,6,39248,2007.4548,385.84,383.36,385.92,383.46,385.84,383.36
2007,7,39278,2007.537,384.42,383.63,384.37,383.62,384.42,383.63
2007,8,39309,2007.6219,381.81,383.3,382.26,383.78,381.81,383.3
2007,9,39340,2007.7068,380.83,384.2,380.56,383.95,380.83,384.2
2007,10,39370,2007.789,380.83,384.33,380.62,384.1,380.83,384.33
2007,11,39401,2007.874,382.32,384.51,382.09,384.26,382.32,384.51
2007,12,39431,2007.9562,383.58,384.48,383.53,384.41,383.58,384.48
2008,1,39462,2008.041,385.04,384.99,384.62,384.55,385.04,384.99
2008,2,39493,2008.1257,385.81,385.07,385.45,384.7,385.81,385.07
2008,3,39522,2008.2049,385.8,384.28,386.38,384.84,385.8,384.28
2008,4,39553,2008.2896,386.74,384.01,387.73,384.99,386.74,384.01
2008,5,39583,2008.3716,388.49,385.2,388.43,385.15,388.49,385.2
2008,6,39614,2008.4563,388.02,385.56,387.76,385.32,388.02,385.56
2008,7,39644,2008.5383,386.22,385.47,386.2,385.48,386.22,385.47
2008,8,39675,2008.623,384.05,385.57,384.1,385.65,384.05,385.57
2008,9,39706,2008.7077,383.05,386.45,382.41,385.82,383.05,386.45
2008,10,39736,2008.7896,382.75,386.25,382.49,385.98,382.75,386.25
2008,11,39767,2008.8743,383.98,386.17,383.97,386.14,383.98,386.17
2008,12,39797,2008.9563,385.08,385.98,385.41,386.29,385.08,385.98
2009,1,39828,2009.0411,386.63,386.57,386.51,386.44,386.63,386.57
2009,2,39859,2009.126,387.1,386.36,387.35,386.6,387.1,386.36
2009,3,39887,2009.2027,388.5,387,388.26,386.75,388.5,387
2009,4,39918,2009.2877,389.54,386.84,389.64,386.91,389.54,386.84
2009,5,39948,2009.3699,390.15,386.85,390.38,387.08,390.15,386.85
2009,6,39979,2009.4548,389.6,387.1,389.74,387.27,389.6,387.1
2009,7,40009,2009.537,388.05,387.26,388.21,387.45,388.05,387.26
2009,8,40040,2009.6219,386.07,387.56,386.13,387.66,386.07,387.56
2009,9,40071,2009.7068,384.64,388.03,384.46,387.87,384.64,388.03
2009,10,40101,2009.789,384.32,387.84,384.58,388.08,384.32,387.84
2009,11,40132,2009.874,386.05,388.25,386.13,388.31,386.05,388.25
2009,12,40162,2009.9562,387.49,388.39,387.65,388.53,387.49,388.39
2010,1,40193,2010.0411,388.55,388.5,388.83,388.76,388.55,388.5
2010,2,40224,2010.126,390.08,389.33,389.75,388.99,390.08,389.33
2010,3,40252,2010.2027,391.02,389.52,390.71,389.19,391.02,389.52
2010,4,40283,2010.2877,392.39,389.68,392.13,389.4,392.39,389.68
2010,5,40313,2010.3699,393.24,389.93,392.9,389.59,393.24,389.93
2010,6,40344,2010.4548,392.26,389.75,392.26,389.78,392.26,389.75
2010,7,40374,2010.537,390.35,389.55,390.71,389.95,390.35,389.55
2010,8,40405,2010.6219,388.53,390.03,388.6,390.13,388.53,390.03
2010,9,40436,2010.7068,386.85,390.25,386.87,390.3,386.85,390.25
2010,10,40466,2010.789,387.18,390.71,386.94,390.45,387.18,390.71
2010,11,40497,2010.874,388.69,390.9,388.42,390.6,388.69,390.9
2010,12,40527,2010.9562,389.83,390.74,389.86,390.74,389.83,390.74
2011,1,40558,2011.0411,391.33,391.28,390.94,390.88,391.33,391.28
2011,2,40589,2011.126,391.96,391.21,391.77,391.01,391.96,391.21
2011,3,40617,2011.2027,392.49,390.98,392.65,391.13,392.49,390.98
2011,4,40648,2011.2877,393.41,390.69,394.01,391.27,393.41,390.69
2011,5,40678,2011.3699,394.33,391.01,394.73,391.41,394.33,391.01
2011,6,40709,2011.4548,393.74,391.23,394.06,391.57,393.74,391.23
2011,7,40739,2011.537,392.64,391.85,392.5,391.74,392.64,391.85
2011,8,40770,2011.6219,390.25,391.75,390.38,391.92,390.25,391.75
2011,9,40801,2011.7068,389.05,392.46,388.67,392.1,389.05,392.46
2011,10,40831,2011.789,388.98,392.52,388.76,392.28,388.98,392.52
2011,11,40862,2011.874,390.3,392.51,390.27,392.47,390.3,392.51
2011,12,40892,2011.9562,391.86,392.77,391.76,392.65,391.86,392.77
2012,1,40923,2012.041,393.13,393.08,392.9,392.83,393.13,393.08
2012,2,40954,2012.1257,393.42,392.67,393.78,393.03,393.42,392.67
2012,3,40983,2012.2049,394.43,392.89,394.77,393.21,394.43,392.89
2012,4,41014,2012.2896,396.51,393.75,396.19,393.41,396.51,393.75
2012,5,41044,2012.3716,396.96,393.63,396.94,393.62,396.96,393.63
2012,6,41075,2012.4563,395.97,393.48,396.31,393.84,395.97,393.48
2012,7,41105,2012.5383,394.6,393.84,394.79,394.06,394.6,393.84
2012,8,41136,2012.623,392.61,394.14,392.72,394.3,392.61,394.14
2012,9,41167,2012.7077,391.2,394.63,391.09,394.54,391.2,394.63
2012,10,41197,2012.7896,391.09,394.63,391.25,394.77,391.09,394.63
2012,11,41228,2012.8743,393.03,395.24,392.83,395.02,393.03,395.24
2012,12,41258,2012.9563,394.42,395.32,394.36,395.25,394.42,395.32
2013,1,41289,2013.0411,395.69,395.64,395.55,395.48,395.69,395.64
2013,2,41320,2013.126,396.94,396.19,396.47,395.71,396.94,396.19
2013,3,41348,2013.2027,397.35,395.84,397.44,395.91,397.35,395.84
2013,4,41379,2013.2877,398.44,395.71,398.88,396.12,398.44,395.71
2013,5,41409,2013.3699,400.06,396.72,399.66,396.33,400.06,396.72
2013,6,41440,2013.4548,398.95,396.43,399.03,396.53,398.95,396.43
2013,7,41470,2013.537,397.45,396.66,397.48,396.72,397.45,396.66
2013,8,41501,2013.6219,395.49,397,395.37,396.91,395.49,397
2013,9,41532,2013.7068,393.48,396.91,393.65,397.1,393.48,396.91
2013,10,41562,2013.789,393.77,397.33,393.74,397.28,393.77,397.33
2013,11,41593,2013.874,395.27,397.5,395.26,397.46,395.27,397.5
2013,12,41623,2013.9562,396.9,397.81,396.74,397.64,396.9,397.81
2014,1,41654,2014.0411,398.01,397.96,397.87,397.81,398.01,397.96
2014,2,41685,2014.126,398.18,397.43,398.74,397.98,398.18,397.43
2014,3,41713,2014.2027,399.56,398.04,399.67,398.13,399.56,398.04
2014,4,41744,2014.2877,401.44,398.69,401.06,398.3,401.44,398.69
2014,5,41774,2014.3699,401.99,398.64,401.8,398.46,401.99,398.64
2014,6,41805,2014.4548,401.41,398.88,401.13,398.62,401.41,398.88
2014,7,41835,2014.537,399.17,398.37,399.54,398.77,399.17,398.37
2014,8,41866,2014.6219,397.3,398.81,397.38,398.93,397.3,398.81
2014,9,41897,2014.7068,395.49,398.93,395.64,399.1,395.49,398.93
2014,10,41927,2014.789,395.74,399.3,395.7,399.26,395.74,399.3
2014,11,41958,2014.874,397.32,399.55,397.21,399.43,397.32,399.55
2014,12,41988,2014.9562,398.89,399.8,398.69,399.59,398.89,399.8
2015,1,42019,2015.0411,399.94,399.89,399.83,399.76,399.94,399.89
2015,2,42050,2015.126,400.39,399.64,400.71,399.94,400.39,399.64
2015,3,42078,2015.2027,401.6,400.07,401.65,400.11,401.6,400.07
2015,4,42109,2015.2877,403.53,400.77,403.07,400.3,403.53,400.77
2015,5,42139,2015.3699,404.04,400.68,403.85,400.5,404.04,400.68
2015,6,42170,2015.4548,402.81,400.27,403.23,400.72,402.81,400.27
2015,7,42200,2015.537,401.54,400.73,401.72,400.95,401.54,400.73
2015,8,42231,2015.6219,398.93,400.44,399.66,401.21,398.93,400.44
2015,9,42262,2015.7068,397.43,400.88,398.03,401.5,397.43,400.88
2015,10,42292,2015.789,398.21,401.79,398.23,401.79,398.21,401.79
2015,11,42323,2015.874,400.17,402.41,399.89,402.11,400.17,402.41
2015,12,42353,2015.9562,401.82,402.74,401.52,402.42,401.82,402.74
2016,1,42384,2016.041,402.58,402.53,402.8,402.73,402.58,402.53
2016,2,42415,2016.1257,404.09,403.33,403.81,403.04,404.09,403.33
2016,3,42444,2016.2049,404.79,403.23,404.89,403.32,404.79,403.23
2016,4,42475,2016.2896,407.5,404.71,406.4,403.6,407.5,404.71
2016,5,42505,2016.3716,407.59,404.22,407.21,403.85,407.59,404.22
2016,6,42536,2016.4563,406.94,404.42,406.59,404.09,406.94,404.42
2016,7,42566,2016.5383,404.43,403.66,405.05,404.31,404.43,403.66
2016,8,42597,2016.623,402.17,403.72,402.95,404.54,402.17,403.72
2016,9,42628,2016.7077,400.94,404.42,401.26,404.76,400.94,404.42
2016,10,42658,2016.7896,401.43,405.01,401.4,404.97,401.43,405.01
2016,11,42689,2016.8743,403.57,405.81,402.96,405.18,403.57,405.81
2016,12,42719,2016.9563,404.48,405.4,404.47,405.37,404.48,405.4
2017,1,42750,2017.0411,406,405.95,405.63,405.56,406,405.95
2017,2,42781,2017.126,406.57,405.81,406.52,405.74,406.57,405.81
2017,3,42809,2017.2027,406.99,405.45,407.45,405.9,406.99,405.45
2017,4,42840,2017.2877,408.88,406.11,408.86,406.07,408.88,406.11
2017,5,42870,2017.3699,409.84,406.46,409.6,406.23,409.84,406.46
2017,6,42901,2017.4548,409.05,406.5,408.92,406.39,409.05,406.5
2017,7,42931,2017.537,407.13,406.32,407.31,406.54,407.13,406.32
2017,8,42962,2017.6219,405.17,406.7,405.13,406.7,405.17,406.7
2017,9,42993,2017.7068,403.2,406.67,403.36,406.85,403.2,406.67
2017,10,43023,2017.789,403.57,407.17,403.42,407,403.57,407.17
2017,11,43054,2017.874,405.1,407.36,404.92,407.15,405.1,407.36
2017,12,43084,2017.9562,406.68,407.61,406.4,407.3,406.68,407.61
2018,1,43115,2018.0411,407.98,407.93,407.52,407.45,407.98,407.93
2018,2,43146,2018.126,408.28,407.51,408.38,407.61,408.28,407.51
2018,3,43174,2018.2027,409.19,407.65,409.32,407.76,409.19,407.65
2018,4,43205,2018.2877,410.24,407.46,410.74,407.94,410.24,407.46
2018,5,43235,2018.3699,411.23,407.85,411.52,408.13,411.23,407.85
2018,6,43266,2018.4548,410.81,408.25,410.9,408.36,410.81,408.25
2018,7,43296,2018.537,408.83,408.02,409.36,408.59,408.83,408.02
2018,8,43327,2018.6219,407.02,408.56,407.28,408.85,407.02,408.56
2018,9,43358,2018.7068,405.52,409.01,405.62,409.12,405.52,409.01
2018,10,43388,2018.789,405.93,409.54,405.79,409.39,405.93,409.54
2018,11,43419,2018.874,408.05,410.31,407.43,409.66,408.05,410.31
2018,12,43449,2018.9562,409.16,410.09,409.02,409.92,409.16,410.09
2019,1,43480,2019.0411,410.85,410.8,410.25,410.18,410.85,410.8
2019,2,43511,2019.126,411.59,410.83,411.2,410.43,411.59,410.83
2019,3,43539,2019.2027,411.93,410.39,412.2,410.64,411.93,410.39
2019,4,43570,2019.2877,413.46,410.68,413.67,410.86,413.46,410.68
2019,5,43600,2019.3699,414.76,411.36,414.48,411.08,414.76,411.36
2019,6,43631,2019.4548,413.89,411.32,413.85,411.3,413.89,411.32
2019,7,43661,2019.537,411.78,410.97,412.29,411.51,411.78,410.97
2019,8,43692,2019.6219,410.01,411.55,410.16,411.74,410.01,411.55
2019,9,43723,2019.7068,408.48,411.98,408.45,411.96,408.48,411.98
2019,10,43753,2019.789,408.37,411.99,408.57,412.18,408.37,411.99
2019,11,43784,2019.874,410.22,412.49,410.16,412.4,410.22,412.49
2019,12,43814,2019.9562,411.78,412.71,411.7,412.61,411.78,412.71
2020,1,43845,2020.041,413.38,413.32,412.89,412.83,413.38,413.32
2020,2,43876,2020.1257,414.03,413.26,413.81,413.03,414.03,413.26
2020,3,43905,2020.2049,414.44,412.87,414.82,413.23,414.44,412.87
2020,4,43936,2020.2896,416.11,413.29,416.27,413.43,416.11,413.29
2020,5,43966,2020.3716,417.1,413.69,417.03,413.63,417.1,413.69
2020,6,43997,2020.4563,416.23,413.68,416.36,413.83,416.23,413.68
2020,7,44027,2020.5383,414.47,413.68,414.78,414.03,414.47,413.68
2020,8,44058,2020.623,412.53,414.1,412.63,414.23,412.53,414.1
2020,9,44089,2020.7077,411.19,414.7,410.9,414.44,411.19,414.7
2020,10,44119,2020.7896,411.15,414.78,411.02,414.63,411.15,414.78
2020,11,44150,2020.8743,412.88,415.15,412.58,414.82,412.88,415.15
2020,12,44180,2020.9563,413.89,414.82,414.09,415,413.89,414.82
2021,1,44211,2021.0411,415.17,415.11,415.24,415.17,415.17,415.11
2021,2,44242,2021.126,416.47,415.7,416.13,415.35,416.47,415.7
2021,3,44270,2021.2027,417.14,415.59,417.06,415.5,417.14,415.59
2021,4,44301,2021.2877,418.24,415.44,418.48,415.66,418.24,415.44
2021,5,44331,2021.3699,418.92,415.5,419.23,415.81,418.92,415.5
2021,6,44362,2021.4548,418.73,416.14,-99.99,-99.99,418.73,416.14
2021,7,44392,2021.537,-99.99,-99.99,-99.99,-99.99,-99.99,-99.99
2021,8,44423,2021.6219,-99.99,-99.99,-99.99,-99.99,-99.99,-99.99
2021,9,44454,2021.7068,-99.99,-99.99,-99.99,-99.99,-99.99,-99.99
2021,10,44484,2021.789,-99.99,-99.99,-99.99,-99.99,-99.99,-99.99
2021,11,44515,2021.874,-99.99,-99.99,-99.99,-99.99,-99.99,-99.99
2021,12,44545,2021.9562,-99.99,-99.99,-99.99,-99.99,-99.99,-99.99
